ID,Stock Code,Time,Opening Price,Highest Price,Lowest Price
1,600000,2009/11/2 9:30,21.32147302,21.74,21.74
1,600004,2009/11/2 9:30,9.222962876,9.17,9.17
1,600005,2009/11/2 9:30,7.63706691,7.26,7.26
1,600006,2009/11/2 9:30,5.562003109,5.58,5.58
1,600007,2009/11/2 9:30,10.84918319,10.89,10.89
1,600008,2009/11/2 9:30,5.912626207,6.28,6.28
1,600009,2009/11/2 9:30,13.73535354,14.17,14.17
1,600010,2009/11/2 9:30,4.208003223,4.01,4.01
1,600011,2009/11/2 9:30,7.920627523,7.72,7.72
1,600012,2009/11/2 9:30,4.940332401,5.38,5.38
1,600015,2009/11/2 9:30,11.14578139,11.04,11.04
1,600016,2009/11/2 9:30,7.943959092,7.68,7.68
1,600017,2009/11/2 9:30,6.451090612,6.21,6.21
1,600018,2009/11/2 9:30,4.819993851,5.21,5.21
1,600019,2009/11/2 9:30,6.405807542,6.84,6.84
1,600020,2009/11/2 9:30,3.973828701,3.84,3.84
1,600021,2009/11/2 9:30,5.719968336,5.3,5.3
1,600022,2009/11/2 9:30,4.484854892,4.81,4.81
1,600026,2009/11/2 9:30,13.09053336,13.19,13.19
1,600027,2009/11/2 9:30,5.042407989,5.16,5.16
1,600028,2009/11/2 9:30,11.86479752,11.59,11.59
1,600029,2009/11/2 9:30,5.280394154,5.21,5.21
1,600030,2009/11/2 9:30,27.17332456,27.03,27.03
1,600031,2009/11/2 9:30,36.47918631,36.01,36.01
1,600033,2009/11/2 9:30,6.147422957,5.9,5.9
1,600035,2009/11/2 9:30,5.31832451,4.9,4.9
1,600036,2009/11/2 9:30,17.72178447,17.77,17.77
1,600037,2009/11/2 9:30,12.70655524,12.53,12.53
1,600038,2009/11/2 9:30,15.22607823,15.45,15.45
1,600039,2009/11/2 9:30,7.558669929,7.38,7.38
1,600048,2009/11/2 9:30,26.25779003,25.81,25.81
1,600050,2009/11/2 9:30,6.064624599,6.32,6.32
1,600051,2009/11/2 9:30,10.65109114,10.79,10.79
1,600052,2009/11/2 9:30,8.768432059,8.64,8.64
1,600053,2009/11/2 9:30,7.86229601,7.79,7.79
1,600054,2009/11/2 9:30,14.73180803,14.35,14.35
1,600055,2009/11/2 9:30,8.302399419,8.64,8.64
1,600056,2009/11/2 9:30,21.95112946,22.2,22.2
1,600058,2009/11/2 9:30,18.39982716,18.58,18.58
1,600059,2009/11/2 9:30,8.655495698,8.31,8.31
1,600060,2009/11/2 9:30,17.70795733,17.3,17.3
1,600061,2009/11/2 9:30,9.501890415,9.87,9.87
1,600062,2009/11/2 9:30,21.97623847,21.95,21.95
1,600063,2009/11/2 9:30,10.87885285,10.61,10.61
1,600064,2009/11/2 9:30,22.76059067,22.38,22.38
1,600066,2009/11/2 9:30,18.80767727,18.97,18.97
1,600067,2009/11/2 9:30,14.01959718,14.33,14.33
1,600068,2009/11/2 9:30,12.5154507,12.88,12.88
1,600069,2009/11/2 9:30,8.782532207,8.89,8.89
1,600070,2009/11/2 9:30,8.181842843,8.44,8.44
1,600071,2009/11/2 9:30,7.082920442,6.74,6.74
1,600072,2009/11/2 9:30,16.75908589,17.03,17.03
1,600073,2009/11/2 9:30,8.479624812,8.96,8.96
1,600074,2009/11/2 9:30,4.003549955,4.29,4.29
1,600075,2009/11/2 9:30,7.545466318,7.54,7.54
1,600076,2009/11/2 9:30,6.903913894,7.37,7.37
1,600077,2009/11/2 9:30,8.727766512,8.56,8.56
1,600078,2009/11/2 9:30,7.680385071,7.44,7.44
1,600079,2009/11/2 9:30,10.60110491,10.83,10.83
1,600080,2009/11/2 9:30,4.332197299,4.5,4.5
1,600081,2009/11/2 9:30,6.954308123,6.64,6.64
1,600082,2009/11/2 9:30,7.896020396,7.62,7.62
1,600083,2009/11/2 9:30,7.10544116,7.19,7.19
1,600084,2009/11/2 9:30,7.845058536,7.69,7.69
1,600085,2009/11/2 9:30,19.05988091,19.14,19.14
1,600086,2009/11/2 9:30,9.181205617,8.84,8.84
1,600087,2009/11/2 9:30,6.372326363,6.74,6.74
1,600088,2009/11/2 9:30,15.62008998,16.01,16.01
1,600089,2009/11/2 9:30,21.43031376,21.39,21.39
1,600090,2009/11/2 9:30,7.19588511,7.63,7.63
1,600091,2009/11/2 9:30,6.055764646,6.3,6.3
1,600093,2009/11/2 9:30,6.645070814,6.3,6.3
1,600095,2009/11/2 9:30,5.711257176,5.77,5.77
1,600096,2009/11/2 9:30,23.21267551,23.16,23.16
1,600097,2009/11/2 9:30,17.77504083,17.69,17.69
1,600098,2009/11/2 9:30,6.50670605,6.69,6.69
1,600099,2009/11/2 9:30,7.461238267,7.4,7.4
1,600100,2009/11/2 9:30,14.25141934,14.71,14.71
1,600101,2009/11/2 9:30,7.48548097,7.32,7.32
1,600102,2009/11/2 9:30,11.98199082,11.55,11.55
1,600103,2009/11/2 9:30,3.967323561,3.71,3.71
1,600104,2009/11/2 9:30,22.78798817,23.22,23.22
1,600105,2009/11/2 9:30,9.390905511,8.99,8.99
1,600106,2009/11/2 9:30,7.828477341,8.24,8.24
1,600107,2009/11/2 9:30,13.36408484,13.17,13.17
1,600108,2009/11/2 9:30,5.419881311,4.92,4.92
1,600109,2009/11/2 9:30,21.85211653,21.99,21.99
1,600110,2009/11/2 9:30,6.956722886,6.74,6.74
1,600111,2009/11/2 9:30,29.95635591,29.79,29.79
1,600112,2009/11/2 9:30,12.85404351,12.37,12.37
1,600113,2009/11/2 9:30,7.756795982,8.1,8.1
1,600114,2009/11/2 9:30,5.687561752,6.05,6.05
1,600115,2009/11/2 9:30,5.804896803,5.48,5.48
1,600116,2009/11/2 9:30,7.749377621,7.94,7.94
1,600117,2009/11/2 9:30,9.662648207,10.08,10.08
1,600118,2009/11/2 9:30,19.25149644,19.3,19.3
1,600119,2009/11/2 9:30,9.1611398,9.07,9.07
1,600120,2009/11/2 9:30,6.765630483,6.49,6.49
1,600121,2009/11/2 9:30,10.83890421,11.23,11.23
1,600122,2009/11/2 9:30,14.87606031,14.79,14.79
1,600123,2009/11/2 9:30,38.3897014,38.88,38.88
1,600125,2009/11/2 9:30,7.678825157,7.65,7.65
1,600126,2009/11/2 9:30,6.16126027,5.8,5.8
1,600127,2009/11/2 9:30,6.90824403,7.14,7.14
1,600128,2009/11/2 9:30,14.51901573,14.81,14.81
1,600129,2009/11/2 9:30,9.680498061,9.45,9.45
1,600130,2009/11/2 9:30,4.230640711,3.94,3.94
1,600131,2009/11/2 9:30,5.147028072,5.61,5.61
1,600132,2009/11/2 9:30,24.16954808,24.5,24.5
1,600133,2009/11/2 9:30,6.778942411,7.14,7.14
1,600135,2009/11/2 9:30,6.733551629,7.14,7.14
1,600136,2009/11/2 9:30,10.95293412,10.9,10.9
1,600137,2009/11/2 9:30,17.57406507,17.99,17.99
1,600138,2009/11/2 9:30,11.91178468,12.17,12.17
1,600139,2009/11/2 9:30,26.18070518,26.2,26.2
1,600141,2009/11/2 9:30,17.55548027,17.43,17.43
1,600143,2009/11/2 9:30,9.239996232,9.65,9.65
1,600145,2009/11/2 9:30,6.125551054,6.28,6.28
1,600146,2009/11/2 9:30,17.20466149,16.95,16.95
1,600148,2009/11/2 9:30,11.72210067,11.47,11.47
1,600149,2009/11/2 9:30,5.538991083,5.69,5.69
1,600150,2009/11/2 9:30,72.31436814,72.58,72.58
1,600151,2009/11/2 9:30,10.50960396,10.78,10.78
1,600152,2009/11/2 9:30,5.037358282,5.28,5.28
1,600153,2009/11/2 9:30,11.88098252,12.38,12.38
1,600155,2009/11/2 9:30,4.421692219,4.31,4.31
1,600156,2009/11/2 9:30,5.471326804,5.21,5.21
1,600157,2009/11/2 9:30,11.86217935,11.87,11.87
1,600159,2009/11/2 9:30,18.55827586,18.24,18.24
1,600160,2009/11/2 9:30,7.5566199,8.05,8.05
1,600161,2009/11/2 9:30,30.95608802,30.79,30.79
1,600162,2009/11/2 9:30,8.879958215,8.4,8.4
1,600163,2009/11/2 9:30,4.693807223,4.6,4.6
1,600165,2009/11/2 9:30,6.75957515,6.53,6.53
1,600166,2009/11/2 9:30,18.5767758,18.51,18.51
1,600167,2009/11/2 9:30,9.897791522,10.01,10.01
1,600168,2009/11/2 9:30,6.303888506,6.5,6.5
1,600169,2009/11/2 9:30,16.14236187,16.32,16.32
1,600170,2009/11/2 9:30,15.40166357,14.91,14.91
1,600171,2009/11/2 9:30,6.329000249,6.68,6.68
1,600172,2009/11/2 9:30,7.174414197,7.53,7.53
1,600173,2009/11/2 9:30,10.41846822,10.75,10.75
1,600175,2009/11/2 9:30,8.430852612,8,8
1,600176,2009/11/2 9:30,15.45080417,15.59,15.59
1,600177,2009/11/2 9:30,13.81099642,13.57,13.57
1,600178,2009/11/2 9:30,13.50197128,13.23,13.23
1,600179,2009/11/2 9:30,6.289445153,6.09,6.09
1,600180,2009/11/2 9:30,7.83388723,7.47,7.47
1,600182,2009/11/2 9:30,7.756151757,7.41,7.41
1,600183,2009/11/2 9:30,9.08836861,9.09,9.09
1,600184,2009/11/2 9:30,23.12894229,23.06,23.06
1,600185,2009/11/2 9:30,10.10317689,10.45,10.45
1,600186,2009/11/2 9:30,3.777442157,3.86,3.86
1,600187,2009/11/2 9:30,6.996732038,7.46,7.46
1,600188,2009/11/2 9:30,19.3751632,19.13,19.13
1,600189,2009/11/2 9:30,8.5885964,8.28,8.28
1,600190,2009/11/2 9:30,5.139697443,5.44,5.44
1,600191,2009/11/2 9:30,7.479972828,7.84,7.84
1,600192,2009/11/2 9:30,9.137724971,9.62,9.62
1,600193,2009/11/2 9:30,11.30300581,11.36,11.36
1,600195,2009/11/2 9:30,20.94179471,21.25,21.25
1,600196,2009/11/2 9:30,18.84165675,18.54,18.54
1,600197,2009/11/2 9:30,9.039305705,9.14,9.14
1,600198,2009/11/2 9:30,11.32983627,11.39,11.39
1,600199,2009/11/2 9:30,10.57079861,10.62,10.62
1,600200,2009/11/2 9:30,4.769945627,4.32,4.32
1,600201,2009/11/2 9:30,8.998120292,9.38,9.38
1,600202,2009/11/2 9:30,16.43044559,16.03,16.03
1,600203,2009/11/2 9:30,6.117875989,5.98,5.98
1,600206,2009/11/2 9:30,9.584448074,9.46,9.46
1,600207,2009/11/2 9:30,4.932859183,4.57,4.57
1,600208,2009/11/2 9:30,11.97995967,11.49,11.49
1,600209,2009/11/2 9:30,4.772024854,5.14,5.14
1,600210,2009/11/2 9:30,7.367287576,7.86,7.86
1,600211,2009/11/2 9:30,11.80761513,11.92,11.92
1,600212,2009/11/2 9:30,4.943316982,4.85,4.85
1,600213,2009/11/2 9:30,7.082694933,7.34,7.34
1,600215,2009/11/2 9:30,6.632516861,7.03,7.03
1,600216,2009/11/2 9:30,33.20626652,33.42,33.42
1,600218,2009/11/2 9:30,8.177400986,8.27,8.27
1,600219,2009/11/2 9:30,10.04441915,10.44,10.44
1,600220,2009/11/2 9:30,4.69266751,5.16,5.16
1,600221,2009/11/2 9:30,5.510776851,5.49,5.49
1,600222,2009/11/2 9:30,9.085662328,9.37,9.37
1,600223,2009/11/2 9:30,11.30654621,11.19,11.19
1,600225,2009/11/2 9:30,9.514519854,9.11,9.11
1,600226,2009/11/2 9:30,10.32423333,10.22,10.22
1,600227,2009/11/2 9:30,10.40677414,10.71,10.71
1,600228,2009/11/2 9:30,8.044607192,8.38,8.38
1,600229,2009/11/2 9:30,6.558736597,6.12,6.12
1,600230,2009/11/2 9:30,17.86390254,18.3,18.3
1,600231,2009/11/2 9:30,9.935491649,9.94,9.94
1,600232,2009/11/2 9:30,5.615198405,5.12,5.12
1,600233,2009/11/2 9:30,17.96565725,18.23,18.23
1,600234,2009/11/2 9:30,5.551204567,5.39,5.39
1,600235,2009/11/2 9:30,6.584003967,6.88,6.88
1,600236,2009/11/2 9:30,8.170270175,7.71,7.71
1,600237,2009/11/2 9:30,6.640511037,6.7,6.7
1,600238,2009/11/2 9:30,14.05790744,14.31,14.31
1,600239,2009/11/2 9:30,24.80732518,25.15,25.15
1,600241,2009/11/2 9:30,11.16947315,11.5,11.5
1,600242,2009/11/2 9:30,7.222244118,7.01,7.01
1,600243,2009/11/2 9:30,7.465000895,7.07,7.07
1,600246,2009/11/2 9:30,10.09565404,10.24,10.24
1,600247,2009/11/2 9:30,6.607213589,6.59,6.59
1,600248,2009/11/2 9:30,10.90756195,10.79,10.79
1,600249,2009/11/2 9:30,8.564027979,8.64,8.64
1,600250,2009/11/2 9:30,7.01974535,6.55,6.55
1,600251,2009/11/2 9:30,23.82083572,23.4,23.4
1,600252,2009/11/2 9:30,19.22404201,19.47,19.47
1,600253,2009/11/2 9:30,6.399874625,6.11,6.11
1,600255,2009/11/2 9:30,6.607303333,6.73,6.73
1,600256,2009/11/2 9:30,18.24323191,18.24,18.24
1,600257,2009/11/2 9:30,5.300418197,4.98,4.98
1,600258,2009/11/2 9:30,16.91710854,16.5,16.5
1,600259,2009/11/2 9:30,15.82777409,15.44,15.44
1,600260,2009/11/2 9:30,6.600657116,6.94,6.94
1,600261,2009/11/2 9:30,13.3105735,13.58,13.58
1,600262,2009/11/2 9:30,11.84437815,12.18,12.18
1,600265,2009/11/2 9:30,9.172378229,8.75,8.75
1,600266,2009/11/2 9:30,17.61372679,17.6,17.6
1,600268,2009/11/2 9:30,16.16218628,15.87,15.87
1,600269,2009/11/2 9:30,6.742278412,7.02,7.02
1,600270,2009/11/2 9:30,8.566760207,8.8,8.8
1,600271,2009/11/2 9:30,17.33624234,17.23,17.23
1,600272,2009/11/2 9:30,7.826010014,8.23,8.23
1,600273,2009/11/2 9:30,7.413979333,7.24,7.24
1,600275,2009/11/2 9:30,6.381215811,6.19,6.19
1,600276,2009/11/2 9:30,43.15909492,43.08,43.08
1,600277,2009/11/2 9:30,14.20520493,14.16,14.16
1,600278,2009/11/2 9:30,11.45936736,11.22,11.22
1,600279,2009/11/2 9:30,9.18343996,8.89,8.89
1,600280,2009/11/2 9:30,19.7067428,20.01,20.01
1,600281,2009/11/2 9:30,7.390391671,7.31,7.31
1,600282,2009/11/2 9:30,5.442064056,5.1,5.1
1,600283,2009/11/2 9:30,10.97474988,11.06,11.06
1,600284,2009/11/2 9:30,12.77838044,12.85,12.85
1,600285,2009/11/2 9:30,9.619424497,9.96,9.96
1,600287,2009/11/2 9:30,7.709545979,7.57,7.57
1,600288,2009/11/2 9:30,6.045443008,5.98,5.98
1,600289,2009/11/2 9:30,13.19157516,12.81,12.81
1,600290,2009/11/2 9:30,14.65397849,14.19,14.19
1,600291,2009/11/2 9:30,13.25535938,12.85,12.85
1,600292,2009/11/2 9:30,8.005781217,8.19,8.19
1,600293,2009/11/2 9:30,9.066945026,8.69,8.69
1,600295,2009/11/2 9:30,12.31349989,12.5,12.5
1,600297,2009/11/2 9:30,7.467175193,7.92,7.92
1,600298,2009/11/2 9:30,26.08132841,25.68,25.68
1,600299,2009/11/2 9:30,12.79360444,12.58,12.58
1,600300,2009/11/2 9:30,7.902046913,7.44,7.44
1,600301,2009/11/2 9:30,8.504542253,8.26,8.26
1,600302,2009/11/2 9:30,6.14279079,6.64,6.64
1,600303,2009/11/2 9:30,10.8378213,10.49,10.49
1,600305,2009/11/2 9:30,10.59790232,10.77,10.77
1,600306,2009/11/2 9:30,9.269907539,9.66,9.66
1,600307,2009/11/2 9:30,13.53992173,13.42,13.42
1,600308,2009/11/2 9:30,12.8963144,12.52,12.52
1,600309,2009/11/2 9:30,20.07136989,19.83,19.83
1,600310,2009/11/2 9:30,20.878778,20.87,20.87
1,600311,2009/11/2 9:30,12.35879652,12.05,12.05
1,600312,2009/11/2 9:30,16.8193402,16.95,16.95
1,600315,2009/11/2 9:30,27.5679733,27.12,27.12
1,600316,2009/11/2 9:30,26.71923046,26.95,26.95
1,600317,2009/11/2 9:30,7.72806993,7.36,7.36
1,600318,2009/11/2 9:30,7.897509027,8.27,8.27
1,600319,2009/11/2 9:30,6.193483365,5.85,5.85
1,600320,2009/11/2 9:30,10.60502299,10.21,10.21
1,600321,2009/11/2 9:30,8.43829435,8.32,8.32
1,600322,2009/11/2 9:30,6.900598747,6.5,6.5
1,600323,2009/11/2 9:30,9.82507371,10.08,10.08
1,600325,2009/11/2 9:30,18.49546041,18.69,18.69
1,600326,2009/11/2 9:30,10.57621462,10.89,10.89
1,600327,2009/11/2 9:30,12.39941135,12.19,12.19
1,600328,2009/11/2 9:30,8.612585181,8.54,8.54
1,600329,2009/11/2 9:30,23.23094185,23.54,23.54
1,600330,2009/11/2 9:30,5.47941887,5.69,5.69
1,600331,2009/11/2 9:30,18.66452093,18.25,18.25
1,600332,2009/11/2 9:30,8.460827134,8.38,8.38
1,600333,2009/11/2 9:30,7.068301403,7.16,7.16
1,600335,2009/11/2 9:30,6.484359652,6.23,6.23
1,600336,2009/11/2 9:30,6.599012277,6.39,6.39
1,600337,2009/11/2 9:30,7.099544945,6.78,6.78
1,600338,2009/11/2 9:30,11.68472895,11.9,11.9
1,600339,2009/11/2 9:30,7.749273221,7.95,7.95
1,600340,2009/11/2 9:30,12.095622,11.8,11.8
1,600343,2009/11/2 9:30,13.01127228,13.46,13.46
1,600345,2009/11/2 9:30,9.524131925,9.92,9.92
1,600346,2009/11/2 9:30,6.799549843,6.98,6.98
1,600348,2009/11/2 9:30,41.55651363,41.42,41.42
1,600350,2009/11/2 9:30,4.946785166,4.86,4.86
1,600351,2009/11/2 9:30,14.19620513,13.98,13.98
1,600352,2009/11/2 9:30,9.376257699,9.72,9.72
1,600353,2009/11/2 9:30,9.767038573,10.07,10.07
1,600354,2009/11/2 9:30,15.31224738,15.36,15.36
1,600355,2009/11/2 9:30,6.974393366,7.14,7.14
1,600356,2009/11/2 9:30,10.11729644,10.3,10.3
1,600358,2009/11/2 9:30,5.475244037,5.08,5.08
1,600359,2009/11/2 9:30,15.37461163,15.76,15.76
1,600360,2009/11/2 9:30,5.891094557,5.82,5.82
1,600361,2009/11/2 9:30,8.353361938,8.27,8.27
1,600362,2009/11/2 9:30,38.21837419,38.33,38.33
1,600363,2009/11/2 9:30,8.627593194,8.62,8.62
1,600365,2009/11/2 9:30,9.206043522,9.26,9.26
1,600366,2009/11/2 9:30,10.99394656,11.39,11.39
1,600367,2009/11/2 9:30,8.772762281,8.69,8.69
1,600368,2009/11/2 9:30,5.918418284,6.4,6.4
1,600369,2009/11/2 9:30,16.15196941,15.67,15.67
1,600370,2009/11/2 9:30,5.684499894,5.8,5.8
1,600371,2009/11/2 9:30,10.83799876,10.99,10.99
1,600373,2009/11/2 9:30,9.565386468,9.75,9.75
1,600376,2009/11/2 9:30,21.68920946,21.78,21.78
1,600377,2009/11/2 9:30,6.056271244,6.18,6.18
1,600378,2009/11/2 9:30,10.63817334,10.5,10.5
1,600379,2009/11/2 9:30,11.43578159,11.56,11.56
1,600380,2009/11/2 9:30,9.556478394,9.44,9.44
1,600381,2009/11/2 9:30,8.000003705,7.94,7.94
1,600382,2009/11/2 9:30,7.841601624,8.04,8.04
1,600383,2009/11/2 9:30,15.66385372,15.2,15.2
1,600385,2009/11/2 9:30,4.829008802,4.62,4.62
1,600386,2009/11/2 9:30,13.28588927,13.23,13.23
1,600387,2009/11/2 9:30,12.88579236,13.19,13.19
1,600388,2009/11/2 9:30,26.08201957,26.32,26.32
1,600389,2009/11/2 9:30,13.84079513,13.83,13.83
1,600390,2009/11/2 9:30,13.74897261,14.13,14.13
1,600391,2009/11/2 9:30,21.29366447,21.22,21.22
1,600392,2009/11/2 9:30,21.76836357,21.63,21.63
1,600393,2009/11/2 9:30,8.347329183,7.85,7.85
1,600395,2009/11/2 9:30,27.90361571,27.99,27.99
1,600396,2009/11/2 9:30,7.966566162,7.87,7.87
1,600397,2009/11/2 9:30,10.73709643,11.2,11.2
1,600398,2009/11/2 9:30,4.613909568,4.88,4.88
1,600399,2009/11/2 9:30,7.749201659,7.38,7.38
1,600400,2009/11/2 9:30,5.531147478,5.62,5.62
1,600403,2009/11/2 9:30,9.799991599,9.51,9.51
1,600405,2009/11/2 9:30,6.966963299,7.36,7.36
1,600406,2009/11/2 9:30,38.38425347,38.76,38.76
1,600408,2009/11/2 9:30,8.251676622,8.37,8.37
1,600409,2009/11/2 9:30,6.433427514,6.4,6.4
1,600410,2009/11/2 9:30,11.567808,11.41,11.41
1,600415,2009/11/2 9:30,39.7807859,39.37,39.37
1,600416,2009/11/2 9:30,20.39330546,20.38,20.38
1,600418,2009/11/2 9:30,10.61849285,10.84,10.84
1,600419,2009/11/2 9:30,9.462128042,9.38,9.38
1,600420,2009/11/2 9:30,12.53259451,12.8,12.8
1,600421,2009/11/2 9:30,8.105091328,8.41,8.41
1,600423,2009/11/2 9:30,9.4135382,9.67,9.67
1,600425,2009/11/2 9:30,11.22323838,11.12,11.12
1,600426,2009/11/2 9:30,19.61446607,19.18,19.18
1,600428,2009/11/2 9:30,11.01938499,10.55,10.55
1,600429,2009/11/2 9:30,7.393586083,7.04,7.04
1,600432,2009/11/2 9:30,30.28831986,30.67,30.67
1,600433,2009/11/2 9:30,7.287800863,7.17,7.17
1,600435,2009/11/2 9:30,20.62966985,20.14,20.14
1,600436,2009/11/2 9:30,39.14294446,38.7,38.7
1,600438,2009/11/2 9:30,7.9232712,8.41,8.41
1,600439,2009/11/2 9:30,10.75619619,11,11
1,600444,2009/11/2 9:30,14.03701786,13.87,13.87
1,600446,2009/11/2 9:30,10.63329665,10.16,10.16
1,600448,2009/11/2 9:30,5.010571924,4.72,4.72
1,600449,2009/11/2 9:30,28.08233776,27.91,27.91
1,600452,2009/11/2 9:30,8.338688741,8.19,8.19
1,600455,2009/11/2 9:30,12.48060069,12.75,12.75
1,600456,2009/11/2 9:30,21.05993157,21.12,21.12
1,600458,2009/11/2 9:30,14.76579026,15.21,15.21
1,600459,2009/11/2 9:30,26.0904987,25.93,25.93
1,600460,2009/11/2 9:30,8.154918954,7.81,7.81
1,600461,2009/11/2 9:30,10.37732105,10.2,10.2
1,600462,2009/11/2 9:30,6.285467288,5.92,5.92
1,600463,2009/11/2 9:30,7.659943635,7.72,7.72
1,600466,2009/11/2 9:30,10.82484786,11.15,11.15
1,600467,2009/11/2 9:30,8.06646189,7.99,7.99
1,600469,2009/11/2 9:30,15.88391686,16,16
1,600470,2009/11/2 9:30,10.90427449,10.89,10.89
1,600475,2009/11/2 9:30,17.92334504,17.98,17.98
1,600476,2009/11/2 9:30,10.68633503,10.49,10.49
1,600477,2009/11/2 9:30,7.173956725,6.87,6.87
1,600478,2009/11/2 9:30,16.64915003,17.05,17.05
1,600479,2009/11/2 9:30,24.78331901,25.2,25.2
1,600480,2009/11/2 9:30,10.56126428,10.94,10.94
1,600481,2009/11/2 9:30,19.99462487,19.84,19.84
1,600482,2009/11/2 9:30,12.57070466,12.19,12.19
1,600483,2009/11/2 9:30,5.623691711,5.4,5.4
1,600485,2009/11/2 9:30,15.48116812,15.24,15.24
1,600486,2009/11/2 9:30,33.17361473,33.29,33.29
1,600487,2009/11/2 9:30,24.6843883,25.16,25.16
1,600488,2009/11/2 9:30,7.273768371,7.7,7.7
1,600489,2009/11/2 9:30,56.19760062,56.28,56.28
1,600490,2009/11/2 9:30,9.675247175,9.98,9.98
1,600491,2009/11/2 9:30,17.39904457,17.2,17.2
1,600493,2009/11/2 9:30,6.591302821,6.9,6.9
1,600495,2009/11/2 9:30,17.25459014,17.15,17.15
1,600496,2009/11/2 9:30,9.979813486,9.79,9.79
1,600497,2009/11/2 9:30,27.73686588,28.15,28.15
1,600498,2009/11/2 9:30,21.45372332,21.53,21.53
1,600499,2009/11/2 9:30,15.8794605,15.55,15.55
1,600500,2009/11/2 9:30,10.40321411,10.78,10.78
1,600501,2009/11/2 9:30,9.465126393,9.55,9.55
1,600502,2009/11/2 9:30,12.52652508,12.2,12.2
1,600503,2009/11/2 9:30,14.12763902,13.91,13.91
1,600505,2009/11/2 9:30,8.478413956,8.87,8.87
1,600506,2009/11/2 9:30,8.86168384,8.95,8.95
1,600507,2009/11/2 9:30,8.944988688,9.36,9.36
1,600508,2009/11/2 9:30,22.29382258,22.01,22.01
1,600509,2009/11/2 9:30,8.154354285,7.69,7.69
1,600510,2009/11/2 9:30,9.798154283,9.97,9.97
1,600511,2009/11/2 9:30,18.77785266,19.02,19.02
1,600512,2009/11/2 9:30,5.513984683,5.66,5.66
1,600513,2009/11/2 9:30,12.62674826,13.03,13.03
1,600515,2009/11/2 9:30,6.727726954,6.39,6.39
1,600516,2009/11/2 9:30,8.508765027,8.76,8.76
1,600517,2009/11/2 9:30,18.18873793,18.49,18.49
1,600518,2009/11/2 9:30,9.963882296,9.68,9.68
1,600519,2009/11/2 9:30,158.0558395,157.61,157.61
1,600520,2009/11/2 9:30,15.17499625,15.64,15.64
1,600521,2009/11/2 9:30,15.51921496,15.25,15.25
1,600522,2009/11/2 9:30,22.82415151,23.29,23.29
1,600523,2009/11/2 9:30,14.90120557,14.92,14.92
1,600525,2009/11/2 9:30,20.41889061,20.79,20.79
1,600526,2009/11/2 9:30,11.64843815,11.89,11.89
1,600527,2009/11/2 9:30,7.76943647,7.71,7.71
1,600528,2009/11/2 9:30,12.0627018,12.54,12.54
1,600529,2009/11/2 9:30,12.55107192,12.93,12.93
1,600530,2009/11/2 9:30,10.01525899,9.65,9.65
1,600531,2009/11/2 9:30,22.12078718,21.81,21.81
1,600532,2009/11/2 9:30,8.131759187,8,8
1,600533,2009/11/2 9:30,7.123111954,6.71,6.71
1,600535,2009/11/2 9:30,20.66476919,20.64,20.64
1,600536,2009/11/2 9:30,23.41896885,23.91,23.91
1,600537,2009/11/2 9:30,17.27384681,17.28,17.28
1,600538,2009/11/2 9:30,8.182065353,8.53,8.53
1,600539,2009/11/2 9:30,7.489264668,7.01,7.01
1,600540,2009/11/2 9:30,10.67843256,10.81,10.81
1,600543,2009/11/2 9:30,10.85840816,10.9,10.9
1,600545,2009/11/2 9:30,5.351688459,5.79,5.79
1,600546,2009/11/2 9:30,29.66001104,29.32,29.32
1,600547,2009/11/2 9:30,65.4691364,65.48,65.48
1,600548,2009/11/2 9:30,5.083707016,5.53,5.53
1,600549,2009/11/2 9:30,19.33424608,19.54,19.54
1,600550,2009/11/2 9:30,31.03229655,30.86,30.86
1,600551,2009/11/2 9:30,15.48020155,15.39,15.39
1,600552,2009/11/2 9:30,12.75477368,12.43,12.43
1,600553,2009/11/2 9:30,9.503983856,9.4,9.4
1,600555,2009/11/2 9:30,8.170262586,8.11,8.11
1,600557,2009/11/2 9:30,18.45104747,18.57,18.57
1,600558,2009/11/2 9:30,16.75453062,17.17,17.17
1,600559,2009/11/2 9:30,20.48350985,20.93,20.93
1,600560,2009/11/2 9:30,11.99598059,12.45,12.45
1,600561,2009/11/2 9:30,10.38625309,10.28,10.28
1,600562,2009/11/2 9:30,26.09836298,25.68,25.68
1,600563,2009/11/2 9:30,15.67894193,15.22,15.22
1,600565,2009/11/2 9:30,5.619640329,5.29,5.29
1,600566,2009/11/2 9:30,8.984850965,8.74,8.74
1,600567,2009/11/2 9:30,4.672979284,4.53,4.53
1,600568,2009/11/2 9:30,15.60683828,15.9,15.9
1,600569,2009/11/2 9:30,5.198431039,4.74,4.74
1,600570,2009/11/2 9:30,14.57960867,14.43,14.43
1,600571,2009/11/2 9:30,7.299429719,7.73,7.73
1,600572,2009/11/2 9:30,11.62516115,12.12,12.12
1,600573,2009/11/2 9:30,8.689503901,8.21,8.21
1,600575,2009/11/2 9:30,14.18795303,14.14,14.14
1,600576,2009/11/2 9:30,13.32060038,13.17,13.17
1,600577,2009/11/2 9:30,6.800744464,6.36,6.36
1,600578,2009/11/2 9:30,9.579093069,10.07,10.07
1,600579,2009/11/2 9:30,5.421760302,5.84,5.84
1,600581,2009/11/2 9:30,10.02334389,9.72,9.72
1,600582,2009/11/2 9:30,29.52630642,29.66,29.66
1,600583,2009/11/2 9:30,11.00389462,11.32,11.32
1,600584,2009/11/2 9:30,5.426781456,5.59,5.59
1,600585,2009/11/2 9:30,42.89415004,42.93,42.93
1,600586,2009/11/2 9:30,14.4656671,14.49,14.49
1,600587,2009/11/2 9:30,16.14103397,16.16,16.16
1,600588,2009/11/2 9:30,20.72514884,20.46,20.46
1,600589,2009/11/2 9:30,6.548255319,6.71,6.71
1,600590,2009/11/2 9:30,12.05359405,12.32,12.32
1,600592,2009/11/2 9:30,8.948555158,8.9,8.9
1,600593,2009/11/2 9:30,10.03742499,9.77,9.77
1,600594,2009/11/2 9:30,16.33246721,16.19,16.19
1,600595,2009/11/2 9:30,21.51315882,21.79,21.79
1,600596,2009/11/2 9:30,42.93101435,42.89,42.89
1,600597,2009/11/2 9:30,7.170952814,7.39,7.39
1,600598,2009/11/2 9:30,13.46489741,13.08,13.08
1,600599,2009/11/2 9:30,20.05323166,19.92,19.92
1,600601,2009/11/2 9:30,4.076493809,4.3,4.3
1,600602,2009/11/2 9:30,5.338153829,5.83,5.83
1,600604,2009/11/2 9:30,6.174617972,6.15,6.15
1,600605,2009/11/2 9:30,9.529947579,9.54,9.54
1,600606,2009/11/2 9:30,10.76173398,10.33,10.33
1,600608,2009/11/2 9:30,6.263421561,6.53,6.53
1,600609,2009/11/2 9:30,4.540122259,4.25,4.25
1,600610,2009/11/2 9:30,13.1239014,13.3,13.3
1,600611,2009/11/2 9:30,11.57627862,11.13,11.13
1,600612,2009/11/2 9:30,23.47012971,23.9,23.9
1,600613,2009/11/2 9:30,12.49145407,12.61,12.61
1,600614,2009/11/2 9:30,6.804427129,7.28,7.28
1,600615,2009/11/2 9:30,10.29327974,9.9,9.9
1,600616,2009/11/2 9:30,17.0791357,16.72,16.72
1,600617,2009/11/2 9:30,7.035620377,6.96,6.96
1,600618,2009/11/2 9:30,8.582163032,8.53,8.53
1,600619,2009/11/2 9:30,6.883114022,7.06,7.06
1,600620,2009/11/2 9:30,7.893818465,7.85,7.85
2,600000,2009/11/2 9:31,21.92523069,21.74,21.74
2,600004,2009/11/2 9:31,9.017053939,9.17,9.17
2,600005,2009/11/2 9:31,6.981370634,7.26,7.26
2,600006,2009/11/2 9:31,5.144638411,5.58,5.58
2,600007,2009/11/2 9:31,10.43275307,10.89,10.89
2,600008,2009/11/2 9:31,5.848905598,6.28,6.28
2,600009,2009/11/2 9:31,14.14188652,14.17,14.17
2,600010,2009/11/2 9:31,3.621806143,4.01,4.01
2,600011,2009/11/2 9:31,7.934329507,7.72,7.72
2,600012,2009/11/2 9:31,5.205146005,5.38,5.38
2,600015,2009/11/2 9:31,10.98952008,11.04,11.04
2,600016,2009/11/2 9:31,7.461804303,7.68,7.68
2,600017,2009/11/2 9:31,6.422257356,6.21,6.21
2,600018,2009/11/2 9:31,4.947879245,5.21,5.21
2,600019,2009/11/2 9:31,6.809017998,6.84,6.84
2,600020,2009/11/2 9:31,4.140815382,3.84,3.84
2,600021,2009/11/2 9:31,5.318896994,5.3,5.3
2,600022,2009/11/2 9:31,4.855359346,4.81,4.81
2,600026,2009/11/2 9:31,13.4331622,13.19,13.19
2,600027,2009/11/2 9:31,5.051168801,5.16,5.16
2,600028,2009/11/2 9:31,11.52430156,11.59,11.59
2,600029,2009/11/2 9:31,5.385061631,5.21,5.21
2,600030,2009/11/2 9:31,27.10652415,27.03,27.03
2,600031,2009/11/2 9:31,35.75454433,36.01,36.01
2,600033,2009/11/2 9:31,5.700313712,5.9,5.9
2,600035,2009/11/2 9:31,5.38342677,4.9,4.9
2,600036,2009/11/2 9:31,18.14261067,17.77,17.77
2,600037,2009/11/2 9:31,12.44366555,12.53,12.53
2,600038,2009/11/2 9:31,15.18042919,15.45,15.45
2,600039,2009/11/2 9:31,7.393588408,7.38,7.38
2,600048,2009/11/2 9:31,26.19274937,25.81,25.81
2,600050,2009/11/2 9:31,6.033494071,6.32,6.32
2,600051,2009/11/2 9:31,10.90339901,10.79,10.79
2,600052,2009/11/2 9:31,8.837315246,8.64,8.64
2,600053,2009/11/2 9:31,8.183432484,7.79,7.79
2,600054,2009/11/2 9:31,14.48228662,14.35,14.35
2,600055,2009/11/2 9:31,8.75749106,8.64,8.64
2,600056,2009/11/2 9:31,22.0583089,22.2,22.2
2,600058,2009/11/2 9:31,18.93600399,18.58,18.58
2,600059,2009/11/2 9:31,7.971740149,8.31,8.31
2,600060,2009/11/2 9:31,17.65559461,17.3,17.3
2,600061,2009/11/2 9:31,9.485880537,9.87,9.87
2,600062,2009/11/2 9:31,22.3432987,21.95,21.95
2,600063,2009/11/2 9:31,11.10470754,10.61,10.61
2,600064,2009/11/2 9:31,21.88791685,22.38,22.38
2,600066,2009/11/2 9:31,18.49297753,18.97,18.97
2,600067,2009/11/2 9:31,13.99502455,14.33,14.33
2,600068,2009/11/2 9:31,12.78619109,12.88,12.88
2,600069,2009/11/2 9:31,8.843779482,8.89,8.89
2,600070,2009/11/2 9:31,8.254253295,8.44,8.44
2,600071,2009/11/2 9:31,6.404176871,6.74,6.74
2,600072,2009/11/2 9:31,16.79224306,17.03,17.03
2,600073,2009/11/2 9:31,9.205852832,8.96,8.96
2,600074,2009/11/2 9:31,3.877722633,4.29,4.29
2,600075,2009/11/2 9:31,7.086989589,7.54,7.54
2,600076,2009/11/2 9:31,7.828852149,7.37,7.37
2,600077,2009/11/2 9:31,8.516729371,8.56,8.56
2,600078,2009/11/2 9:31,7.520801289,7.44,7.44
2,600079,2009/11/2 9:31,10.7979408,10.83,10.83
2,600080,2009/11/2 9:31,4.260848712,4.5,4.5
2,600081,2009/11/2 9:31,6.722195915,6.64,6.64
2,600082,2009/11/2 9:31,7.136651235,7.62,7.62
2,600083,2009/11/2 9:31,7.687952302,7.19,7.19
2,600084,2009/11/2 9:31,7.875106987,7.69,7.69
2,600085,2009/11/2 9:31,19.26886944,19.14,19.14
2,600086,2009/11/2 9:31,8.432837689,8.84,8.84
2,600087,2009/11/2 9:31,6.939835806,6.74,6.74
2,600088,2009/11/2 9:31,15.84382774,16.01,16.01
2,600089,2009/11/2 9:31,21.61943078,21.39,21.39
2,600090,2009/11/2 9:31,7.216151446,7.63,7.63
2,600091,2009/11/2 9:31,6.677364588,6.3,6.3
2,600093,2009/11/2 9:31,6.50760242,6.3,6.3
2,600095,2009/11/2 9:31,6.093503122,5.77,5.77
2,600096,2009/11/2 9:31,22.89283592,23.16,23.16
2,600097,2009/11/2 9:31,17.56634362,17.69,17.69
2,600098,2009/11/2 9:31,6.847441568,6.69,6.69
2,600099,2009/11/2 9:31,7.282337639,7.4,7.4
2,600100,2009/11/2 9:31,14.53942193,14.71,14.71
2,600101,2009/11/2 9:31,7.528422702,7.32,7.32
2,600102,2009/11/2 9:31,11.24225029,11.55,11.55
2,600103,2009/11/2 9:31,3.49192197,3.71,3.71
2,600104,2009/11/2 9:31,23.18788513,23.22,23.22
2,600105,2009/11/2 9:31,9.054649021,8.99,8.99
2,600106,2009/11/2 9:31,8.009579207,8.24,8.24
2,600107,2009/11/2 9:31,13.04046872,13.17,13.17
2,600108,2009/11/2 9:31,5.018494764,4.92,4.92
2,600109,2009/11/2 9:31,22.20238719,21.99,21.99
2,600110,2009/11/2 9:31,6.787075523,6.74,6.74
2,600111,2009/11/2 9:31,30.03704708,29.79,29.79
2,600112,2009/11/2 9:31,12.50169522,12.37,12.37
2,600113,2009/11/2 9:31,8.36546804,8.1,8.1
2,600114,2009/11/2 9:31,6.252273371,6.05,6.05
2,600115,2009/11/2 9:31,5.282632738,5.48,5.48
2,600116,2009/11/2 9:31,8.022022457,7.94,7.94
2,600117,2009/11/2 9:31,10.30441752,10.08,10.08
2,600118,2009/11/2 9:31,19.49187707,19.3,19.3
2,600119,2009/11/2 9:31,8.677374369,9.07,9.07
2,600120,2009/11/2 9:31,6.397949575,6.49,6.49
2,600121,2009/11/2 9:31,11.40697622,11.23,11.23
2,600122,2009/11/2 9:31,15.06241042,14.79,14.79
2,600123,2009/11/2 9:31,38.58965241,38.88,38.88
2,600125,2009/11/2 9:31,7.983562777,7.65,7.65
2,600126,2009/11/2 9:31,5.502600954,5.8,5.8
2,600127,2009/11/2 9:31,6.744116908,7.14,7.14
2,600128,2009/11/2 9:31,14.76021579,14.81,14.81
2,600129,2009/11/2 9:31,9.117704502,9.45,9.45
2,600130,2009/11/2 9:31,3.503417137,3.94,3.94
2,600131,2009/11/2 9:31,5.62030344,5.61,5.61
2,600132,2009/11/2 9:31,24.83397985,24.5,24.5
2,600133,2009/11/2 9:31,7.141888603,7.14,7.14
2,600135,2009/11/2 9:31,6.952850867,7.14,7.14
2,600136,2009/11/2 9:31,11.17302902,10.9,10.9
2,600137,2009/11/2 9:31,18.25787205,17.99,17.99
2,600138,2009/11/2 9:31,12.23066955,12.17,12.17
2,600139,2009/11/2 9:31,26.67710539,26.2,26.2
2,600141,2009/11/2 9:31,17.0750777,17.43,17.43
2,600143,2009/11/2 9:31,9.541986968,9.65,9.65
2,600145,2009/11/2 9:31,6.452989114,6.28,6.28
2,600146,2009/11/2 9:31,16.64445663,16.95,16.95
2,600148,2009/11/2 9:31,11.24438381,11.47,11.47
2,600149,2009/11/2 9:31,5.294092965,5.69,5.69
2,600150,2009/11/2 9:31,72.27920338,72.58,72.58
2,600151,2009/11/2 9:31,10.33794939,10.78,10.78
2,600152,2009/11/2 9:31,4.800931403,5.28,5.28
2,600153,2009/11/2 9:31,12.53189993,12.38,12.38
2,600155,2009/11/2 9:31,3.958130852,4.31,4.31
2,600156,2009/11/2 9:31,5.178035066,5.21,5.21
2,600157,2009/11/2 9:31,11.45209437,11.87,11.87
2,600159,2009/11/2 9:31,18.48821659,18.24,18.24
2,600160,2009/11/2 9:31,8.109611712,8.05,8.05
2,600161,2009/11/2 9:31,30.70855562,30.79,30.79
2,600162,2009/11/2 9:31,8.119304001,8.4,8.4
2,600163,2009/11/2 9:31,4.176691524,4.6,4.6
2,600165,2009/11/2 9:31,6.508394057,6.53,6.53
2,600166,2009/11/2 9:31,18.4871847,18.51,18.51
2,600167,2009/11/2 9:31,9.885189431,10.01,10.01
2,600168,2009/11/2 9:31,6.512829959,6.5,6.5
2,600169,2009/11/2 9:31,16.62854535,16.32,16.32
2,600170,2009/11/2 9:31,14.5340568,14.91,14.91
2,600171,2009/11/2 9:31,7.023135925,6.68,6.68
2,600172,2009/11/2 9:31,7.911608387,7.53,7.53
2,600173,2009/11/2 9:31,10.84217791,10.75,10.75
2,600175,2009/11/2 9:31,8.074015259,8,8
2,600176,2009/11/2 9:31,15.2250662,15.59,15.59
2,600177,2009/11/2 9:31,13.56540774,13.57,13.57
2,600178,2009/11/2 9:31,12.92647989,13.23,13.23
2,600179,2009/11/2 9:31,6.484848668,6.09,6.09
2,600180,2009/11/2 9:31,7.018988016,7.47,7.47
2,600182,2009/11/2 9:31,7.128319566,7.41,7.41
2,600183,2009/11/2 9:31,9.3968545,9.09,9.09
2,600184,2009/11/2 9:31,22.84812791,23.06,23.06
2,600185,2009/11/2 9:31,10.51758868,10.45,10.45
2,600186,2009/11/2 9:31,4.333985376,3.86,3.86
2,600187,2009/11/2 9:31,7.272417024,7.46,7.46
2,600188,2009/11/2 9:31,19.07121289,19.13,19.13
2,600189,2009/11/2 9:31,7.975051425,8.28,8.28
2,600190,2009/11/2 9:31,5.685083838,5.44,5.44
2,600191,2009/11/2 9:31,8.009673669,7.84,7.84
2,600192,2009/11/2 9:31,9.333462838,9.62,9.62
2,600193,2009/11/2 9:31,11.66184407,11.36,11.36
2,600195,2009/11/2 9:31,20.90235091,21.25,21.25
2,600196,2009/11/2 9:31,18.91288959,18.54,18.54
2,600197,2009/11/2 9:31,9.130254649,9.14,9.14
2,600198,2009/11/2 9:31,11.10917403,11.39,11.39
2,600199,2009/11/2 9:31,10.49707044,10.62,10.62
2,600200,2009/11/2 9:31,3.905965319,4.32,4.32
2,600201,2009/11/2 9:31,9.168245237,9.38,9.38
2,600202,2009/11/2 9:31,15.76568103,16.03,16.03
2,600203,2009/11/2 9:31,6.128711706,5.98,5.98
2,600206,2009/11/2 9:31,9.623032675,9.46,9.46
2,600207,2009/11/2 9:31,4.142823624,4.57,4.57
2,600208,2009/11/2 9:31,11.42494046,11.49,11.49
2,600209,2009/11/2 9:31,5.182551613,5.14,5.14
2,600210,2009/11/2 9:31,7.805115637,7.86,7.86
2,600211,2009/11/2 9:31,12.07661701,11.92,11.92
2,600212,2009/11/2 9:31,5.346936761,4.85,4.85
2,600213,2009/11/2 9:31,7.800897804,7.34,7.34
2,600215,2009/11/2 9:31,6.830263474,7.03,7.03
2,600216,2009/11/2 9:31,33.7785671,33.42,33.42
2,600218,2009/11/2 9:31,8.579457562,8.27,8.27
2,600219,2009/11/2 9:31,10.56361019,10.44,10.44
2,600220,2009/11/2 9:31,5.64175855,5.16,5.16
2,600221,2009/11/2 9:31,5.85187276,5.49,5.49
2,600222,2009/11/2 9:31,9.782014088,9.37,9.37
2,600223,2009/11/2 9:31,11.37444298,11.19,11.19
2,600225,2009/11/2 9:31,9.547368736,9.11,9.11
2,600226,2009/11/2 9:31,10.6624521,10.22,10.22
2,600227,2009/11/2 9:31,10.73586032,10.71,10.71
2,600228,2009/11/2 9:31,8.737322527,8.38,8.38
2,600229,2009/11/2 9:31,5.824023001,6.12,6.12
2,600230,2009/11/2 9:31,18.4889909,18.3,18.3
2,600231,2009/11/2 9:31,10.29592925,9.94,9.94
2,600232,2009/11/2 9:31,4.659609302,5.12,5.12
2,600233,2009/11/2 9:31,18.41527161,18.23,18.23
2,600234,2009/11/2 9:31,5.887139226,5.39,5.39
2,600235,2009/11/2 9:31,6.588968934,6.88,6.88
2,600236,2009/11/2 9:31,7.584459237,7.71,7.71
2,600237,2009/11/2 9:31,6.899943864,6.7,6.7
2,600238,2009/11/2 9:31,14.70311793,14.31,14.31
2,600239,2009/11/2 9:31,25.51131246,25.15,25.15
2,600241,2009/11/2 9:31,11.27105167,11.5,11.5
2,600242,2009/11/2 9:31,7.33608607,7.01,7.01
2,600243,2009/11/2 9:31,7.508745763,7.07,7.07
2,600246,2009/11/2 9:31,10.36219874,10.24,10.24
2,600247,2009/11/2 9:31,6.771933539,6.59,6.59
2,600248,2009/11/2 9:31,11.02041779,10.79,10.79
2,600249,2009/11/2 9:31,8.432411496,8.64,8.64
2,600250,2009/11/2 9:31,6.557211577,6.55,6.55
2,600251,2009/11/2 9:31,23.44419814,23.4,23.4
2,600252,2009/11/2 9:31,19.44335199,19.47,19.47
2,600253,2009/11/2 9:31,5.870431036,6.11,6.11
2,600255,2009/11/2 9:31,6.84040811,6.73,6.73
2,600256,2009/11/2 9:31,17.85827883,18.24,18.24
2,600257,2009/11/2 9:31,4.636166519,4.98,4.98
2,600258,2009/11/2 9:31,16.32936809,16.5,16.5
2,600259,2009/11/2 9:31,15.82952884,15.44,15.44
2,600260,2009/11/2 9:31,6.80230472,6.94,6.94
2,600261,2009/11/2 9:31,13.79485372,13.58,13.58
2,600262,2009/11/2 9:31,12.13662076,12.18,12.18
2,600265,2009/11/2 9:31,8.403035254,8.75,8.75
2,600266,2009/11/2 9:31,17.87716603,17.6,17.6
2,600268,2009/11/2 9:31,15.66828862,15.87,15.87
2,600269,2009/11/2 9:31,7.17823018,7.02,7.02
2,600270,2009/11/2 9:31,8.394438691,8.8,8.8
2,600271,2009/11/2 9:31,17.38445983,17.23,17.23
2,600272,2009/11/2 9:31,8.146868655,8.23,8.23
2,600273,2009/11/2 9:31,6.775998127,7.24,7.24
2,600275,2009/11/2 9:31,6.041151504,6.19,6.19
2,600276,2009/11/2 9:31,42.98843915,43.08,43.08
2,600277,2009/11/2 9:31,14.65547074,14.16,14.16
2,600278,2009/11/2 9:31,10.95807817,11.22,11.22
2,600279,2009/11/2 9:31,8.757700408,8.89,8.89
2,600280,2009/11/2 9:31,19.71016889,20.01,20.01
2,600281,2009/11/2 9:31,6.860218467,7.31,7.31
2,600282,2009/11/2 9:31,5.176661737,5.1,5.1
2,600283,2009/11/2 9:31,11.48317713,11.06,11.06
2,600284,2009/11/2 9:31,12.92221034,12.85,12.85
2,600285,2009/11/2 9:31,9.775430288,9.96,9.96
2,600287,2009/11/2 9:31,7.152328014,7.57,7.57
2,600288,2009/11/2 9:31,5.603402204,5.98,5.98
2,600289,2009/11/2 9:31,12.47598954,12.81,12.81
2,600290,2009/11/2 9:31,14.50653195,14.19,14.19
2,600291,2009/11/2 9:31,12.83669888,12.85,12.85
2,600292,2009/11/2 9:31,8.177014203,8.19,8.19
2,600293,2009/11/2 9:31,8.223222113,8.69,8.69
2,600295,2009/11/2 9:31,12.68624805,12.5,12.5
2,600297,2009/11/2 9:31,7.637063383,7.92,7.92
2,600298,2009/11/2 9:31,25.69350669,25.68,25.68
2,600299,2009/11/2 9:31,12.30334999,12.58,12.58
2,600300,2009/11/2 9:31,7.360734608,7.44,7.44
2,600301,2009/11/2 9:31,8.459831851,8.26,8.26
2,600302,2009/11/2 9:31,6.867603614,6.64,6.64
2,600303,2009/11/2 9:31,10.37109723,10.49,10.49
2,600305,2009/11/2 9:31,10.80694462,10.77,10.77
2,600306,2009/11/2 9:31,9.318719913,9.66,9.66
2,600307,2009/11/2 9:31,13.75798671,13.42,13.42
2,600308,2009/11/2 9:31,12.83709073,12.52,12.52
2,600309,2009/11/2 9:31,19.46743164,19.83,19.83
2,600310,2009/11/2 9:31,20.40293715,20.87,20.87
2,600311,2009/11/2 9:31,11.97878343,12.05,12.05
2,600312,2009/11/2 9:31,16.81824813,16.95,16.95
2,600315,2009/11/2 9:31,27.15046342,27.12,27.12
2,600316,2009/11/2 9:31,27.06625655,26.95,26.95
2,600317,2009/11/2 9:31,7.166629338,7.36,7.36
2,600318,2009/11/2 9:31,8.062562181,8.27,8.27
2,600319,2009/11/2 9:31,5.52921444,5.85,5.85
2,600320,2009/11/2 9:31,10.20123275,10.21,10.21
2,600321,2009/11/2 9:31,8.725182727,8.32,8.32
2,600322,2009/11/2 9:31,6.238627252,6.5,6.5
2,600323,2009/11/2 9:31,10.49565536,10.08,10.08
2,600325,2009/11/2 9:31,18.22205635,18.69,18.69
2,600326,2009/11/2 9:31,11.21839635,10.89,10.89
2,600327,2009/11/2 9:31,12.55757239,12.19,12.19
2,600328,2009/11/2 9:31,8.45323109,8.54,8.54
2,600329,2009/11/2 9:31,23.22920575,23.54,23.54
2,600330,2009/11/2 9:31,5.418172327,5.69,5.69
2,600331,2009/11/2 9:31,17.91567406,18.25,18.25
2,600332,2009/11/2 9:31,8.364968786,8.38,8.38
2,600333,2009/11/2 9:31,6.91583854,7.16,7.16
2,600335,2009/11/2 9:31,6.679802522,6.23,6.23
2,600336,2009/11/2 9:31,6.82721334,6.39,6.39
2,600337,2009/11/2 9:31,6.813849278,6.78,6.78
2,600338,2009/11/2 9:31,11.53801627,11.9,11.9
2,600339,2009/11/2 9:31,8.032126606,7.95,7.95
2,600340,2009/11/2 9:31,11.87285947,11.8,11.8
2,600343,2009/11/2 9:31,13.45906363,13.46,13.46
2,600345,2009/11/2 9:31,9.746385362,9.92,9.92
2,600346,2009/11/2 9:31,6.582957539,6.98,6.98
2,600348,2009/11/2 9:31,41.00190979,41.42,41.42
2,600350,2009/11/2 9:31,5.148651971,4.86,4.86
2,600351,2009/11/2 9:31,14.18395628,13.98,13.98
2,600352,2009/11/2 9:31,9.556558401,9.72,9.72
2,600353,2009/11/2 9:31,10.20289668,10.07,10.07
2,600354,2009/11/2 9:31,15.49766791,15.36,15.36
2,600355,2009/11/2 9:31,7.507444217,7.14,7.14
2,600356,2009/11/2 9:31,10.76220953,10.3,10.3
2,600358,2009/11/2 9:31,4.707808523,5.08,5.08
2,600359,2009/11/2 9:31,16.22800448,15.76,15.76
2,600360,2009/11/2 9:31,5.568921522,5.82,5.82
2,600361,2009/11/2 9:31,8.148443174,8.27,8.27
2,600362,2009/11/2 9:31,38.57729916,38.33,38.33
2,600363,2009/11/2 9:31,8.223214731,8.62,8.62
2,600365,2009/11/2 9:31,8.793335681,9.26,9.26
2,600366,2009/11/2 9:31,11.57912455,11.39,11.39
2,600367,2009/11/2 9:31,8.988482787,8.69,8.69
2,600368,2009/11/2 9:31,6.591237903,6.4,6.4
2,600369,2009/11/2 9:31,15.84703047,15.67,15.67
2,600370,2009/11/2 9:31,5.702920732,5.8,5.8
2,600371,2009/11/2 9:31,10.52589786,10.99,10.99
2,600373,2009/11/2 9:31,10.01608293,9.75,9.75
2,600376,2009/11/2 9:31,21.60985039,21.78,21.78
2,600377,2009/11/2 9:31,6.187320709,6.18,6.18
2,600378,2009/11/2 9:31,10.29092339,10.5,10.5
2,600379,2009/11/2 9:31,11.1529342,11.56,11.56
2,600380,2009/11/2 9:31,9.072293117,9.44,9.44
2,600381,2009/11/2 9:31,7.870484013,7.94,7.94
2,600382,2009/11/2 9:31,7.952807493,8.04,8.04
2,600383,2009/11/2 9:31,15.2708908,15.2,15.2
2,600385,2009/11/2 9:31,4.212228727,4.62,4.62
2,600386,2009/11/2 9:31,12.92685748,13.23,13.23
2,600387,2009/11/2 9:31,13.64273464,13.19,13.19
2,600388,2009/11/2 9:31,26.40478344,26.32,26.32
2,600389,2009/11/2 9:31,13.90169285,13.83,13.83
2,600390,2009/11/2 9:31,14.10679288,14.13,14.13
2,600391,2009/11/2 9:31,20.90253145,21.22,21.22
2,600392,2009/11/2 9:31,21.35336945,21.63,21.63
2,600393,2009/11/2 9:31,8.31879088,7.85,7.85
2,600395,2009/11/2 9:31,27.99369523,27.99,27.99
2,600396,2009/11/2 9:31,8.106351394,7.87,7.87
2,600397,2009/11/2 9:31,11.51530519,11.2,11.2
2,600398,2009/11/2 9:31,5.218464464,4.88,4.88
2,600399,2009/11/2 9:31,6.977964519,7.38,7.38
2,600400,2009/11/2 9:31,5.411065448,5.62,5.62
2,600403,2009/11/2 9:31,9.645424938,9.51,9.51
2,600405,2009/11/2 9:31,7.269006745,7.36,7.36
2,600406,2009/11/2 9:31,38.54140217,38.76,38.76
2,600408,2009/11/2 9:31,8.397679,8.37,8.37
2,600409,2009/11/2 9:31,6.055550366,6.4,6.4
2,600410,2009/11/2 9:31,10.99266012,11.41,11.41
2,600415,2009/11/2 9:31,38.90142303,39.37,39.37
2,600416,2009/11/2 9:31,20.74082485,20.38,20.38
2,600418,2009/11/2 9:31,11.2131002,10.84,10.84
2,600419,2009/11/2 9:31,9.683771169,9.38,9.38
2,600420,2009/11/2 9:31,12.55255315,12.8,12.8
2,600421,2009/11/2 9:31,7.912095198,8.41,8.41
2,600423,2009/11/2 9:31,9.787336821,9.67,9.67
2,600425,2009/11/2 9:31,10.72772541,11.12,11.12
2,600426,2009/11/2 9:31,18.80630399,19.18,19.18
2,600428,2009/11/2 9:31,10.87336605,10.55,10.55
2,600429,2009/11/2 9:31,7.461460652,7.04,7.04
2,600432,2009/11/2 9:31,30.80624535,30.67,30.67
2,600433,2009/11/2 9:31,7.131907715,7.17,7.17
2,600435,2009/11/2 9:31,19.95656417,20.14,20.14
2,600436,2009/11/2 9:31,38.45628411,38.7,38.7
2,600438,2009/11/2 9:31,8.838264525,8.41,8.41
2,600439,2009/11/2 9:31,10.97180262,11,11
2,600444,2009/11/2 9:31,14.36471675,13.87,13.87
2,600446,2009/11/2 9:31,10.51525967,10.16,10.16
2,600448,2009/11/2 9:31,4.758087864,4.72,4.72
2,600449,2009/11/2 9:31,27.63567111,27.91,27.91
2,600452,2009/11/2 9:31,8.103080944,8.19,8.19
2,600455,2009/11/2 9:31,12.92659605,12.75,12.75
2,600456,2009/11/2 9:31,20.73883575,21.12,21.12
2,600458,2009/11/2 9:31,14.89366604,15.21,15.21
2,600459,2009/11/2 9:31,25.95958603,25.93,25.93
2,600460,2009/11/2 9:31,7.531643531,7.81,7.81
2,600461,2009/11/2 9:31,10.42880668,10.2,10.2
2,600462,2009/11/2 9:31,6.235453165,5.92,5.92
2,600463,2009/11/2 9:31,8.081331015,7.72,7.72
2,600466,2009/11/2 9:31,10.84147301,11.15,11.15
2,600467,2009/11/2 9:31,8.153099219,7.99,7.99
2,600469,2009/11/2 9:31,15.56728418,16,16
2,600470,2009/11/2 9:31,11.07802375,10.89,10.89
2,600475,2009/11/2 9:31,18.31824593,17.98,17.98
2,600476,2009/11/2 9:31,10.8019717,10.49,10.49
2,600477,2009/11/2 9:31,6.944348988,6.87,6.87
2,600478,2009/11/2 9:31,17.01072016,17.05,17.05
2,600479,2009/11/2 9:31,25.12326242,25.2,25.2
2,600480,2009/11/2 9:31,10.47323015,10.94,10.94
2,600481,2009/11/2 9:31,20.21614902,19.84,19.84
2,600482,2009/11/2 9:31,12.03155772,12.19,12.19
2,600483,2009/11/2 9:31,5.245661451,5.4,5.4
2,600485,2009/11/2 9:31,15.51307746,15.24,15.24
2,600486,2009/11/2 9:31,32.932752,33.29,33.29
2,600487,2009/11/2 9:31,25.61516007,25.16,25.16
2,600488,2009/11/2 9:31,7.275791124,7.7,7.7
2,600489,2009/11/2 9:31,55.8062358,56.28,56.28
2,600490,2009/11/2 9:31,10.1635505,9.98,9.98
2,600491,2009/11/2 9:31,16.73656173,17.2,17.2
2,600493,2009/11/2 9:31,7.347110638,6.9,6.9
2,600495,2009/11/2 9:31,17.33138043,17.15,17.15
2,600496,2009/11/2 9:31,9.827846241,9.79,9.79
2,600497,2009/11/2 9:31,28.46230713,28.15,28.15
2,600498,2009/11/2 9:31,21.09505077,21.53,21.53
2,600499,2009/11/2 9:31,15.45198322,15.55,15.55
2,600500,2009/11/2 9:31,10.77305207,10.78,10.78
2,600501,2009/11/2 9:31,9.671938327,9.55,9.55
2,600502,2009/11/2 9:31,12.24282572,12.2,12.2
2,600503,2009/11/2 9:31,13.96035745,13.91,13.91
2,600505,2009/11/2 9:31,8.410212124,8.87,8.87
2,600506,2009/11/2 9:31,9.050511088,8.95,8.95
2,600507,2009/11/2 9:31,9.26357437,9.36,9.36
2,600508,2009/11/2 9:31,21.57405828,22.01,22.01
2,600509,2009/11/2 9:31,7.837884031,7.69,7.69
2,600510,2009/11/2 9:31,9.822144971,9.97,9.97
2,600511,2009/11/2 9:31,19.27905997,19.02,19.02
2,600512,2009/11/2 9:31,5.198300033,5.66,5.66
2,600513,2009/11/2 9:31,13.17622825,13.03,13.03
2,600515,2009/11/2 9:31,5.961136466,6.39,6.39
2,600516,2009/11/2 9:31,8.563735673,8.76,8.76
2,600517,2009/11/2 9:31,18.08831976,18.49,18.49
2,600518,2009/11/2 9:31,9.895075963,9.68,9.68
2,600519,2009/11/2 9:31,157.9396573,157.61,157.61
2,600520,2009/11/2 9:31,15.75328308,15.64,15.64
2,600521,2009/11/2 9:31,14.95775973,15.25,15.25
2,600522,2009/11/2 9:31,23.27495836,23.29,23.29
2,600523,2009/11/2 9:31,14.96209151,14.92,14.92
2,600525,2009/11/2 9:31,20.81351048,20.79,20.79
2,600526,2009/11/2 9:31,12.1946489,11.89,11.89
2,600527,2009/11/2 9:31,7.610818905,7.71,7.71
2,600528,2009/11/2 9:31,12.68759609,12.54,12.54
2,600529,2009/11/2 9:31,12.48271066,12.93,12.93
2,600530,2009/11/2 9:31,10.12996733,9.65,9.65
2,600531,2009/11/2 9:31,22.10482721,21.81,21.81
2,600532,2009/11/2 9:31,8.405959066,8,8
2,600533,2009/11/2 9:31,6.687834519,6.71,6.71
2,600535,2009/11/2 9:31,20.16497173,20.64,20.64
2,600536,2009/11/2 9:31,24.18186401,23.91,23.91
2,600537,2009/11/2 9:31,16.78120815,17.28,17.28
2,600538,2009/11/2 9:31,8.884763543,8.53,8.53
2,600539,2009/11/2 9:31,6.522553572,7.01,7.01
2,600540,2009/11/2 9:31,11.0531809,10.81,10.81
2,600543,2009/11/2 9:31,10.99468413,10.9,10.9
2,600545,2009/11/2 9:31,5.849921335,5.79,5.79
2,600546,2009/11/2 9:31,29.0994563,29.32,29.32
2,600547,2009/11/2 9:31,65.59512813,65.48,65.48
2,600548,2009/11/2 9:31,5.194347311,5.53,5.53
2,600549,2009/11/2 9:31,19.45721434,19.54,19.54
2,600550,2009/11/2 9:31,30.47454972,30.86,30.86
2,600551,2009/11/2 9:31,15.10664986,15.39,15.39
2,600552,2009/11/2 9:31,12.85545343,12.43,12.43
2,600553,2009/11/2 9:31,9.634579657,9.4,9.4
2,600555,2009/11/2 9:31,8.423191416,8.11,8.11
2,600557,2009/11/2 9:31,18.66488669,18.57,18.57
2,600558,2009/11/2 9:31,17.22657482,17.17,17.17
2,600559,2009/11/2 9:31,20.76910895,20.93,20.93
2,600560,2009/11/2 9:31,12.05403369,12.45,12.45
2,600561,2009/11/2 9:31,10.25545637,10.28,10.28
2,600562,2009/11/2 9:31,25.98028708,25.68,25.68
2,600563,2009/11/2 9:31,15.58495784,15.22,15.22
2,600565,2009/11/2 9:31,5.33168104,5.29,5.29
2,600566,2009/11/2 9:31,9.134222841,8.74,8.74
2,600567,2009/11/2 9:31,4.58496126,4.53,4.53
2,600568,2009/11/2 9:31,16.37703633,15.9,15.9
2,600569,2009/11/2 9:31,5.154738104,4.74,4.74
2,600570,2009/11/2 9:31,14.7158983,14.43,14.43
2,600571,2009/11/2 9:31,7.307665349,7.73,7.73
2,600572,2009/11/2 9:31,12.17163843,12.12,12.12
2,600573,2009/11/2 9:31,8.094825211,8.21,8.21
2,600575,2009/11/2 9:31,14.11766959,14.14,14.14
2,600576,2009/11/2 9:31,13.31326987,13.17,13.17
2,600577,2009/11/2 9:31,6.088464871,6.36,6.36
2,600578,2009/11/2 9:31,9.682158167,10.07,10.07
2,600579,2009/11/2 9:31,6.056418813,5.84,5.84
2,600581,2009/11/2 9:31,9.675713254,9.72,9.72
2,600582,2009/11/2 9:31,30.13911193,29.66,29.66
2,600583,2009/11/2 9:31,11.4952454,11.32,11.32
2,600584,2009/11/2 9:31,5.233156874,5.59,5.59
2,600585,2009/11/2 9:31,42.61905166,42.93,42.93
2,600586,2009/11/2 9:31,14.10559538,14.49,14.49
2,600587,2009/11/2 9:31,15.77919179,16.16,16.16
2,600588,2009/11/2 9:31,20.83811331,20.46,20.46
2,600589,2009/11/2 9:31,7.052013248,6.71,6.71
2,600590,2009/11/2 9:31,12.13245099,12.32,12.32
2,600592,2009/11/2 9:31,9.267652454,8.9,8.9
2,600593,2009/11/2 9:31,9.378672148,9.77,9.77
2,600594,2009/11/2 9:31,16.50474725,16.19,16.19
2,600595,2009/11/2 9:31,22.06787744,21.79,21.79
2,600596,2009/11/2 9:31,42.80806888,42.89,42.89
2,600597,2009/11/2 9:31,7.598327608,7.39,7.39
2,600598,2009/11/2 9:31,12.80596119,13.08,13.08
2,600599,2009/11/2 9:31,20.15965914,19.92,19.92
2,600601,2009/11/2 9:31,4.146014272,4.3,4.3
2,600602,2009/11/2 9:31,6.167744109,5.83,5.83
2,600604,2009/11/2 9:31,5.87010822,6.15,6.15
2,600605,2009/11/2 9:31,9.804375115,9.54,9.54
2,600606,2009/11/2 9:31,10.76674381,10.33,10.33
2,600608,2009/11/2 9:31,6.308129078,6.53,6.53
2,600609,2009/11/2 9:31,4.204357235,4.25,4.25
2,600610,2009/11/2 9:31,13.76742637,13.3,13.3
2,600611,2009/11/2 9:31,10.74537734,11.13,11.13
2,600612,2009/11/2 9:31,24.37030462,23.9,23.9
2,600613,2009/11/2 9:31,12.21241379,12.61,12.61
2,600614,2009/11/2 9:31,6.84641076,7.28,7.28
2,600615,2009/11/2 9:31,10.07139279,9.9,9.9
2,600616,2009/11/2 9:31,16.72712623,16.72,16.72
2,600617,2009/11/2 9:31,6.598741929,6.96,6.96
2,600618,2009/11/2 9:31,8.556256742,8.53,8.53
2,600619,2009/11/2 9:31,7.213188013,7.06,7.06
2,600620,2009/11/2 9:31,8.219699754,7.85,7.85
3,600000,2009/11/2 9:32,21.59308758,21.27,21.27
3,600004,2009/11/2 9:32,9.03146085,9.05,9.05
3,600005,2009/11/2 9:32,6.818162182,7.08,7.08
3,600006,2009/11/2 9:32,5.071384217,5.55,5.55
3,600007,2009/11/2 9:32,10.17201701,10.66,10.66
3,600008,2009/11/2 9:32,6.401661489,6.14,6.14
3,600009,2009/11/2 9:32,14.13361635,14.05,14.05
3,600010,2009/11/2 9:32,4.271384065,3.97,3.97
3,600011,2009/11/2 9:32,7.142092911,7.64,7.64
3,600012,2009/11/2 9:32,5.077354906,5.33,5.33
3,600015,2009/11/2 9:32,10.53427872,10.85,10.85
3,600016,2009/11/2 9:32,7.001389673,7.49,7.49
3,600017,2009/11/2 9:32,6.100608788,6.1,6.1
3,600018,2009/11/2 9:32,5.394261367,5.16,5.16
3,600019,2009/11/2 9:32,7.239090664,6.74,6.74
3,600020,2009/11/2 9:32,3.601032763,3.76,3.76
3,600021,2009/11/2 9:32,5.42869986,5.21,5.21
3,600022,2009/11/2 9:32,4.439985096,4.69,4.69
3,600026,2009/11/2 9:32,13.27623637,12.78,12.78
3,600027,2009/11/2 9:32,5.003640181,5.03,5.03
3,600028,2009/11/2 9:32,11.4665822,11.36,11.36
3,600029,2009/11/2 9:32,4.905551239,5.1,5.1
3,600030,2009/11/2 9:32,26.00003352,26.34,26.34
3,600031,2009/11/2 9:32,35.2025901,35.21,35.21
3,600033,2009/11/2 9:32,5.531519531,5.82,5.82
3,600035,2009/11/2 9:32,4.632488124,4.85,4.85
3,600036,2009/11/2 9:32,17.7312279,17.35,17.35
3,600037,2009/11/2 9:32,12.51820606,12.45,12.45
3,600038,2009/11/2 9:32,15.50394593,15.15,15.15
3,600039,2009/11/2 9:32,7.687558691,7.21,7.21
3,600048,2009/11/2 9:32,24.580462,25,25
3,600050,2009/11/2 9:32,6.580033549,6.22,6.22
3,600051,2009/11/2 9:32,10.89024265,10.59,10.59
3,600052,2009/11/2 9:32,8.041936602,8.37,8.37
3,600053,2009/11/2 9:32,7.18699659,7.62,7.62
3,600054,2009/11/2 9:32,13.83790931,14.15,14.15
3,600055,2009/11/2 9:32,8.70176811,8.44,8.44
3,600056,2009/11/2 9:32,21.30400658,21.68,21.68
3,600058,2009/11/2 9:32,18.05471004,18.07,18.07
3,600059,2009/11/2 9:32,8.044904254,8.2,8.2
3,600060,2009/11/2 9:32,16.4715593,16.8,16.8
3,600061,2009/11/2 9:32,9.886292631,9.65,9.65
3,600062,2009/11/2 9:32,21.75298146,21.73,21.73
3,600063,2009/11/2 9:32,10.69573892,10.47,10.47
3,600064,2009/11/2 9:32,22.16018931,21.75,21.75
3,600066,2009/11/2 9:32,18.21789206,18.65,18.65
3,600067,2009/11/2 9:32,13.84068267,14,14
3,600068,2009/11/2 9:32,12.60988586,12.78,12.78
3,600069,2009/11/2 9:32,8.787924925,8.67,8.67
3,600070,2009/11/2 9:32,8.256780137,8.21,8.21
3,600071,2009/11/2 9:32,6.030675743,6.44,6.44
3,600072,2009/11/2 9:32,16.40733076,16.65,16.65
3,600073,2009/11/2 9:32,8.751364089,8.8,8.8
3,600074,2009/11/2 9:32,4.62068643,4.2,4.2
3,600075,2009/11/2 9:32,7.29930147,7.32,7.32
3,600076,2009/11/2 9:32,6.869193487,7.15,7.15
3,600077,2009/11/2 9:32,8.226424873,8.54,8.54
3,600078,2009/11/2 9:32,7.209111406,7.33,7.33
3,600079,2009/11/2 9:32,10.5804884,10.63,10.63
3,600080,2009/11/2 9:32,4.35425053,4.38,4.38
3,600081,2009/11/2 9:32,6.267284254,6.46,6.46
3,600082,2009/11/2 9:32,7.583618756,7.39,7.39
3,600083,2009/11/2 9:32,6.66691526,7.01,7.01
3,600084,2009/11/2 9:32,7.869745626,7.56,7.56
3,600085,2009/11/2 9:32,19.22707207,19.1,19.1
3,600086,2009/11/2 9:32,8.508270979,8.58,8.58
3,600087,2009/11/2 9:32,6.913005147,6.57,6.57
3,600088,2009/11/2 9:32,15.57221291,15.7,15.7
3,600089,2009/11/2 9:32,20.78525396,20.85,20.85
3,600090,2009/11/2 9:32,7.15026079,7.47,7.47
3,600091,2009/11/2 9:32,5.967324736,6.15,6.15
3,600093,2009/11/2 9:32,6.066740932,6.17,6.17
3,600095,2009/11/2 9:32,5.928972883,5.67,5.67
3,600096,2009/11/2 9:32,22.37273271,22.79,22.79
3,600097,2009/11/2 9:32,17.76226804,17.42,17.42
3,600098,2009/11/2 9:32,6.737886351,6.57,6.57
3,600099,2009/11/2 9:32,7.414029209,7.18,7.18
3,600100,2009/11/2 9:32,14.51366927,14.28,14.28
3,600101,2009/11/2 9:32,7.613906785,7.29,7.29
3,600102,2009/11/2 9:32,11.27617832,11.22,11.22
3,600103,2009/11/2 9:32,3.715992742,3.67,3.67
3,600104,2009/11/2 9:32,22.47390944,22.9,22.9
3,600105,2009/11/2 9:32,8.568004582,8.8,8.8
3,600106,2009/11/2 9:32,8.195500825,8.03,8.03
3,600107,2009/11/2 9:32,12.76990911,12.93,12.93
3,600108,2009/11/2 9:32,4.391367024,4.8,4.8
3,600109,2009/11/2 9:32,20.84925385,21.27,21.27
3,600110,2009/11/2 9:32,6.641545524,6.56,6.56
3,600111,2009/11/2 9:32,28.91209209,28.8,28.8
3,600112,2009/11/2 9:32,12.08874062,12.3,12.3
3,600113,2009/11/2 9:32,8.1466803,7.87,7.87
3,600114,2009/11/2 9:32,6.228805363,5.92,5.92
3,600115,2009/11/2 9:32,4.951629314,5.33,5.33
3,600116,2009/11/2 9:32,7.621411929,7.83,7.83
3,600117,2009/11/2 9:32,10.00291452,9.65,9.65
3,600118,2009/11/2 9:32,18.92680927,19.05,19.05
3,600119,2009/11/2 9:32,9.286916965,8.88,8.88
3,600120,2009/11/2 9:32,6.315072035,6.55,6.55
3,600121,2009/11/2 9:32,11.20796788,10.76,10.76
3,600122,2009/11/2 9:32,14.98484447,14.5,14.5
3,600123,2009/11/2 9:32,38.17206694,37.87,37.87
3,600125,2009/11/2 9:32,7.782575218,7.48,7.48
3,600126,2009/11/2 9:32,5.181279536,5.65,5.65
3,600127,2009/11/2 9:32,6.92659029,6.98,6.98
3,600128,2009/11/2 9:32,14.89338315,14.49,14.49
3,600129,2009/11/2 9:32,9.361680518,9.4,9.4
3,600130,2009/11/2 9:32,3.499595894,3.86,3.86
3,600131,2009/11/2 9:32,5.277797268,5.52,5.52
3,600132,2009/11/2 9:32,23.78303134,24.08,24.08
3,600133,2009/11/2 9:32,7.186518818,6.95,6.95
3,600135,2009/11/2 9:32,7.376785626,7.1,7.1
3,600136,2009/11/2 9:32,10.26194048,10.58,10.58
3,600137,2009/11/2 9:32,17.3729157,17.5,17.5
3,600138,2009/11/2 9:32,11.69985523,11.91,11.91
3,600139,2009/11/2 9:32,25.54748737,25.4,25.4
3,600141,2009/11/2 9:32,17.16604976,17,17
3,600143,2009/11/2 9:32,9.577316112,9.45,9.45
3,600145,2009/11/2 9:32,6.104736469,6.11,6.11
3,600146,2009/11/2 9:32,16.51226473,16.4,16.4
3,600148,2009/11/2 9:32,11.18489183,11.33,11.33
3,600149,2009/11/2 9:32,5.62359958,5.69,5.69
3,600150,2009/11/2 9:32,70.06241568,70.01,70.01
3,600151,2009/11/2 9:32,10.75682454,10.55,10.55
3,600152,2009/11/2 9:32,5.343623267,5.38,5.38
3,600153,2009/11/2 9:32,12.56300776,12.16,12.16
3,600155,2009/11/2 9:32,4.600219095,4.2,4.2
3,600156,2009/11/2 9:32,5.804153635,5.41,5.41
3,600157,2009/11/2 9:32,11.68488107,11.47,11.47
3,600159,2009/11/2 9:32,18.19159256,17.84,17.84
3,600160,2009/11/2 9:32,7.901085957,7.85,7.85
3,600161,2009/11/2 9:32,30.84998255,30.65,30.65
3,600162,2009/11/2 9:32,8.304999886,8.2,8.2
3,600163,2009/11/2 9:32,4.53747845,4.91,4.91
3,600165,2009/11/2 9:32,6.605288769,6.36,6.36
3,600166,2009/11/2 9:32,18.60223013,18.2,18.2
3,600167,2009/11/2 9:32,9.910461886,9.75,9.75
3,600168,2009/11/2 9:32,6.020015329,6.3,6.3
3,600169,2009/11/2 9:32,15.94091435,16.1,16.1
3,600170,2009/11/2 9:32,14.78118389,14.65,14.65
3,600171,2009/11/2 9:32,6.779145697,6.51,6.51
3,600172,2009/11/2 9:32,7.404098409,7.36,7.36
3,600173,2009/11/2 9:32,10.92641808,10.43,10.43
3,600175,2009/11/2 9:32,7.765864768,7.84,7.84
3,600176,2009/11/2 9:32,15.39126553,15.44,15.44
3,600177,2009/11/2 9:32,13.59004854,13.27,13.27
3,600178,2009/11/2 9:32,12.78392373,12.93,12.93
3,600179,2009/11/2 9:32,6.281952347,5.9,5.9
3,600180,2009/11/2 9:32,7.015292966,7.21,7.21
3,600182,2009/11/2 9:32,7.729429886,7.78,7.78
3,600183,2009/11/2 9:32,9.289276649,8.83,8.83
3,600184,2009/11/2 9:32,22.42371456,22.62,22.62
3,600185,2009/11/2 9:32,10.44758981,10.14,10.14
3,600186,2009/11/2 9:32,4.042668692,3.8,3.8
3,600187,2009/11/2 9:32,7.228602247,7.45,7.45
3,600188,2009/11/2 9:32,19.18831814,18.89,18.89
3,600189,2009/11/2 9:32,7.644709179,8.12,8.12
3,600190,2009/11/2 9:32,5.673796288,5.32,5.32
3,600191,2009/11/2 9:32,7.938571364,7.64,7.64
3,600192,2009/11/2 9:32,9.675771591,9.43,9.43
3,600193,2009/11/2 9:32,11.57615218,11.31,11.31
3,600195,2009/11/2 9:32,21.55328756,21.4,21.4
3,600196,2009/11/2 9:32,18.69672001,18.38,18.38
3,600197,2009/11/2 9:32,9.181204945,8.9,8.9
3,600198,2009/11/2 9:32,11.23475108,10.84,10.84
3,600199,2009/11/2 9:32,10.03090493,10.39,10.39
3,600200,2009/11/2 9:32,4.440015792,4.32,4.32
3,600201,2009/11/2 9:32,8.866130741,9.36,9.36
3,600202,2009/11/2 9:32,15.58628631,15.85,15.85
3,600203,2009/11/2 9:32,5.916673028,5.83,5.83
3,600206,2009/11/2 9:32,9.237245174,9.3,9.3
3,600207,2009/11/2 9:32,4.034391926,4.47,4.47
3,600208,2009/11/2 9:32,11.15817583,11.1,11.1
3,600209,2009/11/2 9:32,4.76107212,5.02,5.02
3,600210,2009/11/2 9:32,7.579772055,7.68,7.68
3,600211,2009/11/2 9:32,11.42116918,11.57,11.57
3,600212,2009/11/2 9:32,4.967184747,4.73,4.73
3,600213,2009/11/2 9:32,7.056460264,7.15,7.15
3,600215,2009/11/2 9:32,6.633667043,6.87,6.87
3,600216,2009/11/2 9:32,32.84001525,32.8,32.8
3,600218,2009/11/2 9:32,8.210898646,8.02,8.02
3,600219,2009/11/2 9:32,10.33382422,10.13,10.13
3,600220,2009/11/2 9:32,5.361215237,5.05,5.05
3,600221,2009/11/2 9:32,5.502519315,5.37,5.37
3,600222,2009/11/2 9:32,9.779359869,9.37,9.37
3,600223,2009/11/2 9:32,10.8423423,10.99,10.99
3,600225,2009/11/2 9:32,8.829183978,8.74,8.74
3,600226,2009/11/2 9:32,10.40588698,10.02,10.02
3,600227,2009/11/2 9:32,10.10679617,10.51,10.51
3,600228,2009/11/2 9:32,8.617673641,8.18,8.18
3,600229,2009/11/2 9:32,5.876512822,5.96,5.96
3,600230,2009/11/2 9:32,18.28902963,17.97,17.97
3,600231,2009/11/2 9:32,9.745721277,9.68,9.68
3,600232,2009/11/2 9:32,5.193286661,5.04,5.04
3,600233,2009/11/2 9:32,17.69778845,17.89,17.89
3,600234,2009/11/2 9:32,4.850809745,5.18,5.18
3,600235,2009/11/2 9:32,6.963180707,6.89,6.89
3,600236,2009/11/2 9:32,7.076882581,7.57,7.57
3,600237,2009/11/2 9:32,6.951360396,6.52,6.52
3,600238,2009/11/2 9:32,13.93709123,13.71,13.71
3,600239,2009/11/2 9:32,24.98403713,24.56,24.56
3,600241,2009/11/2 9:32,11.45605322,11.62,11.62
3,600242,2009/11/2 9:32,6.901934127,6.78,6.78
3,600243,2009/11/2 9:32,6.838075,6.9,6.9
3,600246,2009/11/2 9:32,9.787216613,9.95,9.95
3,600247,2009/11/2 9:32,6.791543787,6.46,6.46
3,600248,2009/11/2 9:32,10.39451819,10.48,10.48
3,600249,2009/11/2 9:32,8.095467031,8.51,8.51
3,600250,2009/11/2 9:32,5.937359771,6.34,6.34
3,600251,2009/11/2 9:32,23.04810755,22.58,22.58
3,600252,2009/11/2 9:32,19.31413895,19.47,19.47
3,600253,2009/11/2 9:32,6.285760535,6.05,6.05
3,600255,2009/11/2 9:32,6.340819989,6.52,6.52
3,600256,2009/11/2 9:32,18.08578811,17.85,17.85
3,600257,2009/11/2 9:32,5.242074689,4.89,4.89
3,600258,2009/11/2 9:32,16.23622949,16.02,16.02
3,600259,2009/11/2 9:32,15.10748311,15.1,15.1
3,600260,2009/11/2 9:32,6.397882225,6.79,6.79
3,600261,2009/11/2 9:32,12.83053305,13.1,13.1
3,600262,2009/11/2 9:32,11.56447212,11.8,11.8
3,600265,2009/11/2 9:32,8.367235407,8.59,8.59
3,600266,2009/11/2 9:32,17.22073371,17.14,17.14
3,600268,2009/11/2 9:32,15.48734348,15.49,15.49
3,600269,2009/11/2 9:32,6.394260111,6.86,6.86
3,600270,2009/11/2 9:32,8.767898382,8.6,8.6
3,600271,2009/11/2 9:32,17.29685521,16.9,16.9
3,600272,2009/11/2 9:32,7.594898371,8.06,8.06
3,600273,2009/11/2 9:32,6.928112368,7.11,7.11
3,600275,2009/11/2 9:32,6.359315894,6.12,6.12
3,600276,2009/11/2 9:32,42.4024314,42.85,42.85
3,600277,2009/11/2 9:32,13.82442206,13.8,13.8
3,600278,2009/11/2 9:32,11.6164721,11.5,11.5
3,600279,2009/11/2 9:32,9.091369058,8.66,8.66
3,600280,2009/11/2 9:32,20.10485222,19.9,19.9
3,600281,2009/11/2 9:32,7.528784067,7.2,7.2
3,600282,2009/11/2 9:32,4.901107201,4.93,4.93
3,600283,2009/11/2 9:32,10.48970702,10.6,10.6
3,600284,2009/11/2 9:32,13.02367379,12.92,12.92
3,600285,2009/11/2 9:32,9.500149892,9.88,9.88
3,600287,2009/11/2 9:32,7.210627293,7.4,7.4
3,600288,2009/11/2 9:32,6.096769918,5.81,5.81
3,600289,2009/11/2 9:32,12.19838307,12.5,12.5
3,600290,2009/11/2 9:32,13.94658401,13.88,13.88
3,600291,2009/11/2 9:32,12.54149729,12.5,12.5
3,600292,2009/11/2 9:32,7.807907674,8.03,8.03
3,600293,2009/11/2 9:32,8.88671603,8.45,8.45
3,600295,2009/11/2 9:32,12.30499059,12.19,12.19
3,600297,2009/11/2 9:32,8.171598835,7.79,7.79
3,600298,2009/11/2 9:32,24.70613184,24.85,24.85
3,600299,2009/11/2 9:32,12.09131929,12.22,12.22
3,600300,2009/11/2 9:32,7.032228241,7.24,7.24
3,600301,2009/11/2 9:32,8.390854037,8.07,8.07
3,600302,2009/11/2 9:32,6.545670644,6.44,6.44
3,600303,2009/11/2 9:32,10.91780866,10.69,10.69
3,600305,2009/11/2 9:32,10.55332128,10.51,10.51
3,600306,2009/11/2 9:32,9.614380134,9.49,9.49
3,600307,2009/11/2 9:32,12.89440265,13.05,13.05
3,600308,2009/11/2 9:32,12.42533565,12.25,12.25
3,600309,2009/11/2 9:32,18.82444349,19.25,19.25
3,600310,2009/11/2 9:32,20.03598281,20.2,20.2
3,600311,2009/11/2 9:32,12.13731819,11.74,11.74
3,600312,2009/11/2 9:32,16.18966623,16.62,16.62
3,600315,2009/11/2 9:32,26.39334535,26.61,26.61
3,600316,2009/11/2 9:32,26.66102502,26.69,26.69
3,600317,2009/11/2 9:32,6.904110393,7.16,7.16
3,600318,2009/11/2 9:32,8.143715394,8.27,8.27
3,600319,2009/11/2 9:32,5.492261297,5.7,5.7
3,600320,2009/11/2 9:32,10.07348968,9.82,9.82
3,600321,2009/11/2 9:32,8.259806616,8.17,8.17
3,600322,2009/11/2 9:32,5.786290284,6.26,6.26
3,600323,2009/11/2 9:32,10.19220544,9.76,9.76
3,600325,2009/11/2 9:32,17.96679128,18,18
3,600326,2009/11/2 9:32,10.90501088,10.61,10.61
3,600327,2009/11/2 9:32,11.67556445,11.94,11.94
3,600328,2009/11/2 9:32,8.515982855,8.29,8.29
3,600329,2009/11/2 9:32,23.14603136,23.19,23.19
3,600330,2009/11/2 9:32,5.424152985,5.44,5.44
3,600331,2009/11/2 9:32,17.49167409,17.55,17.55
3,600332,2009/11/2 9:32,7.768470902,8.26,8.26
3,600333,2009/11/2 9:32,6.717382082,6.98,6.98
3,600335,2009/11/2 9:32,5.979463332,6.09,6.09
3,600336,2009/11/2 9:32,5.93637851,6.21,6.21
3,600337,2009/11/2 9:32,6.598611394,6.64,6.64
3,600338,2009/11/2 9:32,11.60523523,11.46,11.46
3,600339,2009/11/2 9:32,8.786777793,8.35,8.35
3,600340,2009/11/2 9:32,11.39913243,11.31,11.31
3,600343,2009/11/2 9:32,13.08093518,13.39,13.39
3,600345,2009/11/2 9:32,9.483560916,9.8,9.8
3,600346,2009/11/2 9:32,6.4794541,6.83,6.83
3,600348,2009/11/2 9:32,39.6035158,39.99,39.99
3,600350,2009/11/2 9:32,4.762344278,4.79,4.79
3,600351,2009/11/2 9:32,14.07590548,13.8,13.8
3,600352,2009/11/2 9:32,10.01207617,9.64,9.64
3,600353,2009/11/2 9:32,9.406221936,9.85,9.85
3,600354,2009/11/2 9:32,15.37919516,15.2,15.2
3,600355,2009/11/2 9:32,7.115846892,6.93,6.93
3,600356,2009/11/2 9:32,10.57504226,10.12,10.12
3,600358,2009/11/2 9:32,5.145982847,4.96,4.96
3,600359,2009/11/2 9:32,14.89237764,15.3,15.3
3,600360,2009/11/2 9:32,5.904315247,5.69,5.69
3,600361,2009/11/2 9:32,8.219340343,7.98,7.98
3,600362,2009/11/2 9:32,36.71590523,36.8,36.8
3,600363,2009/11/2 9:32,8.43526653,8.43,8.43
3,600365,2009/11/2 9:32,8.527923718,8.88,8.88
3,600366,2009/11/2 9:32,11.10459096,11.06,11.06
3,600367,2009/11/2 9:32,8.593842585,8.3,8.3
3,600368,2009/11/2 9:32,6.08689427,6.19,6.19
3,600369,2009/11/2 9:32,15.60238524,15.11,15.11
3,600370,2009/11/2 9:32,5.446330181,5.65,5.65
3,600371,2009/11/2 9:32,10.68597992,10.64,10.64
3,600373,2009/11/2 9:32,9.786538976,9.56,9.56
3,600376,2009/11/2 9:32,20.36281437,20.8,20.8
3,600377,2009/11/2 9:32,6.285519437,6.1,6.1
3,600378,2009/11/2 9:32,10.79826471,10.5,10.5
3,600379,2009/11/2 9:32,11.72644477,11.4,11.4
3,600380,2009/11/2 9:32,9.21981563,9.25,9.25
3,600381,2009/11/2 9:32,8.045667781,7.67,7.67
3,600382,2009/11/2 9:32,7.377091737,7.8,7.8
3,600383,2009/11/2 9:32,14.91529065,14.67,14.67
3,600385,2009/11/2 9:32,4.958848217,4.55,4.55
3,600386,2009/11/2 9:32,12.68436237,12.85,12.85
3,600387,2009/11/2 9:32,12.76864123,12.91,12.91
3,600388,2009/11/2 9:32,26.14390443,25.78,25.78
3,600389,2009/11/2 9:32,13.2235513,13.55,13.55
3,600390,2009/11/2 9:32,13.96590954,13.61,13.61
3,600391,2009/11/2 9:32,20.89702397,20.7,20.7
3,600392,2009/11/2 9:32,20.80416016,21.13,21.13
3,600393,2009/11/2 9:32,8.159761267,7.68,7.68
3,600395,2009/11/2 9:32,26.64703571,27.1,27.1
3,600396,2009/11/2 9:32,7.998573895,7.73,7.73
3,600397,2009/11/2 9:32,10.92820939,10.95,10.95
3,600398,2009/11/2 9:32,4.451517318,4.83,4.83
3,600399,2009/11/2 9:32,7.634730506,7.2,7.2
3,600400,2009/11/2 9:32,5.859466606,5.5,5.5
3,600403,2009/11/2 9:32,9.528049846,9.35,9.35
3,600405,2009/11/2 9:32,7.479234712,7.22,7.22
3,600406,2009/11/2 9:32,38.05464396,37.8,37.8
3,600408,2009/11/2 9:32,8.057561611,8.02,8.02
3,600409,2009/11/2 9:32,5.770027038,6.24,6.24
3,600410,2009/11/2 9:32,11.08034233,11.2,11.2
3,600415,2009/11/2 9:32,38.47495402,38.56,38.56
3,600416,2009/11/2 9:32,19.13637845,19.61,19.61
3,600418,2009/11/2 9:32,10.89489415,10.46,10.46
3,600419,2009/11/2 9:32,8.92856862,9.15,9.15
3,600420,2009/11/2 9:32,12.69395469,12.73,12.73
3,600421,2009/11/2 9:32,8.056402429,8.3,8.3
3,600423,2009/11/2 9:32,9.969341484,9.47,9.47
3,600425,2009/11/2 9:32,10.46577482,10.88,10.88
3,600426,2009/11/2 9:32,18.29487466,18.7,18.7
3,600428,2009/11/2 9:32,10.0334957,10.23,10.23
3,600429,2009/11/2 9:32,7.121323472,6.84,6.84
3,600432,2009/11/2 9:32,29.96087454,29.68,29.68
3,600433,2009/11/2 9:32,7.063500972,7.08,7.08
3,600435,2009/11/2 9:32,19.2564927,19.75,19.75
3,600436,2009/11/2 9:32,38.3203719,37.94,37.94
3,600438,2009/11/2 9:32,8.602594579,8.24,8.24
3,600439,2009/11/2 9:32,10.343852,10.63,10.63
3,600444,2009/11/2 9:32,13.67229293,13.61,13.61
3,600446,2009/11/2 9:32,9.855981987,9.86,9.86
3,600448,2009/11/2 9:32,4.727133995,4.62,4.62
3,600449,2009/11/2 9:32,27.13956573,27.4,27.4
3,600452,2009/11/2 9:32,7.572600174,8.01,8.01
3,600455,2009/11/2 9:32,12.01929378,12.45,12.45
3,600456,2009/11/2 9:32,19.91352425,20.41,20.41
3,600458,2009/11/2 9:32,15.39446585,15.1,15.1
3,600459,2009/11/2 9:32,25.14626155,25.34,25.34
3,600460,2009/11/2 9:32,7.737988512,7.7,7.7
3,600461,2009/11/2 9:32,9.724550229,9.99,9.99
3,600462,2009/11/2 9:32,5.799423196,5.63,5.63
3,600463,2009/11/2 9:32,7.959755984,7.5,7.5
3,600466,2009/11/2 9:32,11.26647296,10.9,10.9
3,600467,2009/11/2 9:32,7.617415855,7.84,7.84
3,600469,2009/11/2 9:32,16.01649291,15.7,15.7
3,600470,2009/11/2 9:32,11.07609052,10.68,10.68
3,600475,2009/11/2 9:32,17.51303762,17.59,17.59
3,600476,2009/11/2 9:32,9.744884501,10.18,10.18
3,600477,2009/11/2 9:32,7.03732224,6.72,6.72
3,600478,2009/11/2 9:32,16.69928197,16.57,16.57
3,600479,2009/11/2 9:32,24.59412064,24.7,24.7
3,600480,2009/11/2 9:32,10.90386273,10.7,10.7
3,600481,2009/11/2 9:32,18.79525229,19.29,19.29
3,600482,2009/11/2 9:32,12.07577189,11.82,11.82
3,600483,2009/11/2 9:32,5.164369697,5.62,5.62
3,600485,2009/11/2 9:32,14.65066456,14.8,14.8
3,600486,2009/11/2 9:32,32.7597469,32.7,32.7
3,600487,2009/11/2 9:32,24.95730726,24.65,24.65
3,600488,2009/11/2 9:32,7.535547353,7.61,7.61
3,600489,2009/11/2 9:32,54.40008061,54.61,54.61
3,600490,2009/11/2 9:32,9.290672547,9.7,9.7
3,600491,2009/11/2 9:32,16.05991499,16.5,16.5
3,600493,2009/11/2 9:32,7.001165559,6.7,6.7
3,600495,2009/11/2 9:32,17.21064655,16.73,16.73
3,600496,2009/11/2 9:32,9.43091936,9.53,9.53
3,600497,2009/11/2 9:32,26.64616945,26.96,26.96
3,600498,2009/11/2 9:32,21.55646092,21.2,21.2
3,600499,2009/11/2 9:32,15.24579915,15.38,15.38
3,600500,2009/11/2 9:32,10.7302491,10.59,10.59
3,600501,2009/11/2 9:32,9.365506964,9.28,9.28
3,600502,2009/11/2 9:32,12.31325397,11.86,11.86
3,600503,2009/11/2 9:32,13.49237993,13.43,13.43
3,600505,2009/11/2 9:32,8.573433858,8.65,8.65
3,600506,2009/11/2 9:32,8.231632167,8.67,8.67
3,600507,2009/11/2 9:32,8.862683222,9.18,9.18
3,600508,2009/11/2 9:32,21.3403116,21.25,21.25
3,600509,2009/11/2 9:32,7.510821574,7.5,7.5
3,600510,2009/11/2 9:32,10.01897369,9.75,9.75
3,600511,2009/11/2 9:32,19.18319509,18.75,18.75
3,600512,2009/11/2 9:32,5.241653344,5.59,5.59
3,600513,2009/11/2 9:32,12.65573683,12.65,12.65
3,600515,2009/11/2 9:32,6.696702692,6.25,6.25
3,600516,2009/11/2 9:32,8.826036872,8.43,8.43
3,600517,2009/11/2 9:32,18.11998467,18.15,18.15
3,600518,2009/11/2 9:32,9.779447957,9.6,9.6
3,600519,2009/11/2 9:32,156.7787265,156.57,156.57
3,600520,2009/11/2 9:32,15.32792455,15.03,15.03
3,600521,2009/11/2 9:32,15.46919893,15.05,15.05
3,600522,2009/11/2 9:32,23.13503849,22.8,22.8
3,600523,2009/11/2 9:32,15.12882219,14.64,14.64
3,600525,2009/11/2 9:32,19.93906674,20.27,20.27
3,600526,2009/11/2 9:32,11.43867723,11.5,11.5
3,600527,2009/11/2 9:32,7.014780752,7.51,7.51
3,600528,2009/11/2 9:32,12.1282344,12.26,12.26
3,600529,2009/11/2 9:32,12.76369548,12.75,12.75
3,600530,2009/11/2 9:32,9.555413687,9.38,9.38
3,600531,2009/11/2 9:32,20.78400361,20.9,20.9
3,600532,2009/11/2 9:32,7.850928174,7.84,7.84
3,600533,2009/11/2 9:32,6.06657844,6.53,6.53
3,600535,2009/11/2 9:32,20.39095968,20.4,20.4
3,600536,2009/11/2 9:32,22.93583233,23.28,23.28
3,600537,2009/11/2 9:32,17.28201235,16.92,16.92
3,600538,2009/11/2 9:32,8.178497312,8.26,8.26
3,600539,2009/11/2 9:32,6.484957901,6.86,6.86
3,600540,2009/11/2 9:32,10.80750893,10.5,10.5
3,600543,2009/11/2 9:32,10.9509071,10.57,10.57
3,600545,2009/11/2 9:32,5.904585471,5.62,5.62
3,600546,2009/11/2 9:32,28.86694244,28.5,28.5
3,600547,2009/11/2 9:32,64.3866053,63.92,63.92
3,600548,2009/11/2 9:32,5.842595142,5.43,5.43
3,600549,2009/11/2 9:32,18.19330619,18.68,18.68
3,600550,2009/11/2 9:32,30.33389296,30.45,30.45
3,600551,2009/11/2 9:32,15.21046686,15.05,15.05
3,600552,2009/11/2 9:32,11.44313935,11.7,11.7
3,600553,2009/11/2 9:32,8.823347278,9.26,9.26
3,600555,2009/11/2 9:32,8.062608818,7.92,7.92
3,600557,2009/11/2 9:32,17.93809468,18.24,18.24
3,600558,2009/11/2 9:32,16.68665593,16.74,16.74
3,600559,2009/11/2 9:32,20.15234497,20.45,20.45
3,600560,2009/11/2 9:32,12.19539737,12.23,12.23
3,600561,2009/11/2 9:32,9.625525715,10.02,10.02
3,600562,2009/11/2 9:32,25.21434018,24.83,24.83
3,600563,2009/11/2 9:32,15.35319003,14.87,14.87
3,600565,2009/11/2 9:32,4.805645851,5.14,5.14
3,600566,2009/11/2 9:32,8.692290947,8.54,8.54
3,600567,2009/11/2 9:32,4.255194763,4.46,4.46
3,600568,2009/11/2 9:32,16.21440595,15.73,15.73
3,600569,2009/11/2 9:32,4.643512784,4.62,4.62
3,600570,2009/11/2 9:32,14.52698692,14.1,14.1
3,600571,2009/11/2 9:32,7.754462858,7.45,7.45
3,600572,2009/11/2 9:32,13.54165265,13.1,13.1
3,600573,2009/11/2 9:32,7.807078424,8.07,8.07
3,600575,2009/11/2 9:32,13.35763653,13.75,13.75
3,600576,2009/11/2 9:32,13.14493927,12.8,12.8
3,600577,2009/11/2 9:32,5.908122318,6.24,6.24
3,600578,2009/11/2 9:32,9.623463395,9.9,9.9
3,600579,2009/11/2 9:32,5.967070992,5.59,5.59
3,600581,2009/11/2 9:32,9.611621696,9.41,9.41
3,600582,2009/11/2 9:32,29.05183245,29.14,29.14
3,600583,2009/11/2 9:32,11.32342369,11.09,11.09
3,600584,2009/11/2 9:32,4.944510134,5.43,5.43
3,600585,2009/11/2 9:32,41.59857816,42.02,42.02
3,600586,2009/11/2 9:32,13.82322181,14,14
3,600587,2009/11/2 9:32,15.4483093,15.9,15.9
3,600588,2009/11/2 9:32,20.29875756,20.02,20.02
3,600589,2009/11/2 9:32,6.526441196,6.5,6.5
3,600590,2009/11/2 9:32,11.74883335,12.07,12.07
3,600592,2009/11/2 9:32,8.874280674,8.65,8.65
3,600593,2009/11/2 9:32,9.584196551,9.67,9.67
3,600594,2009/11/2 9:32,16.20576935,15.75,15.75
3,600595,2009/11/2 9:32,20.66643102,20.65,20.65
3,600596,2009/11/2 9:32,42.12386052,42.4,42.4
3,600597,2009/11/2 9:32,7.358381747,7.28,7.28
3,600598,2009/11/2 9:32,12.81923417,12.75,12.75
3,600599,2009/11/2 9:32,19.1165816,19.45,19.45
3,600601,2009/11/2 9:32,3.928802023,4.23,4.23
3,600602,2009/11/2 9:32,5.939186701,5.64,5.64
3,600604,2009/11/2 9:32,6.453163936,6.05,6.05
3,600605,2009/11/2 9:32,9.847293415,9.39,9.39
3,600606,2009/11/2 9:32,9.672147101,10.15,10.15
3,600608,2009/11/2 9:32,5.949917903,6.38,6.38
3,600609,2009/11/2 9:32,4.551961038,4.17,4.17
3,600610,2009/11/2 9:32,13.40078357,13.11,13.11
3,600611,2009/11/2 9:32,10.71043683,10.86,10.86
3,600612,2009/11/2 9:32,22.98288752,23.25,23.25
3,600613,2009/11/2 9:32,12.55736433,12.35,12.35
3,600614,2009/11/2 9:32,6.681447018,7.1,7.1
3,600615,2009/11/2 9:32,9.890691316,9.61,9.61
3,600616,2009/11/2 9:32,16.60702296,16.38,16.38
3,600617,2009/11/2 9:32,7.311453908,6.86,6.86
3,600618,2009/11/2 9:32,8.101678369,8.32,8.32
3,600619,2009/11/2 9:32,6.623564882,6.9,6.9
3,600620,2009/11/2 9:32,7.667232952,8.01,8.01
4,600000,2009/11/2 9:33,21.74597735,21.27,21.27
4,600004,2009/11/2 9:33,9.351180979,9.05,9.05
4,600005,2009/11/2 9:33,6.663791881,7.08,7.08
4,600006,2009/11/2 9:33,5.481225778,5.55,5.55
4,600007,2009/11/2 9:33,10.99130994,10.66,10.66
4,600008,2009/11/2 9:33,6.565612405,6.14,6.14
4,600009,2009/11/2 9:33,14.49022989,14.05,14.05
4,600010,2009/11/2 9:33,3.799785418,3.97,3.97
4,600011,2009/11/2 9:33,7.771259869,7.64,7.64
4,600012,2009/11/2 9:33,5.544471876,5.33,5.33
4,600015,2009/11/2 9:33,10.4010418,10.85,10.85
4,600016,2009/11/2 9:33,7.826121308,7.49,7.49
4,600017,2009/11/2 9:33,5.617270665,6.1,6.1
4,600018,2009/11/2 9:33,4.660538983,5.16,5.16
4,600019,2009/11/2 9:33,6.59089521,6.74,6.74
4,600020,2009/11/2 9:33,3.703981744,3.76,3.76
4,600021,2009/11/2 9:33,4.883913856,5.21,5.21
4,600022,2009/11/2 9:33,5.156604998,4.69,4.69
4,600026,2009/11/2 9:33,13.19997943,12.78,12.78
4,600027,2009/11/2 9:33,4.583256719,5.03,5.03
4,600028,2009/11/2 9:33,11.27760912,11.36,11.36
4,600029,2009/11/2 9:33,5.511746068,5.1,5.1
4,600030,2009/11/2 9:33,26.73123554,26.34,26.34
4,600031,2009/11/2 9:33,35.09592961,35.21,35.21
4,600033,2009/11/2 9:33,6.18229142,5.82,5.82
4,600035,2009/11/2 9:33,4.740307737,4.85,4.85
4,600036,2009/11/2 9:33,17.12034833,17.35,17.35
4,600037,2009/11/2 9:33,11.95298938,12.45,12.45
4,600038,2009/11/2 9:33,14.87684105,15.15,15.15
4,600039,2009/11/2 9:33,6.736605901,7.21,7.21
4,600048,2009/11/2 9:33,25.08781434,25,25
4,600050,2009/11/2 9:33,6.054918118,6.22,6.22
4,600051,2009/11/2 9:33,10.97668928,10.59,10.59
4,600052,2009/11/2 9:33,8.270758558,8.37,8.37
4,600053,2009/11/2 9:33,7.133801086,7.62,7.62
4,600054,2009/11/2 9:33,14.4796036,14.15,14.15
4,600055,2009/11/2 9:33,8.024781877,8.44,8.44
4,600056,2009/11/2 9:33,21.42017435,21.68,21.68
4,600058,2009/11/2 9:33,18.01015381,18.07,18.07
4,600059,2009/11/2 9:33,7.914646706,8.2,8.2
4,600060,2009/11/2 9:33,16.77934672,16.8,16.8
4,600061,2009/11/2 9:33,9.333134325,9.65,9.65
4,600062,2009/11/2 9:33,21.78111603,21.73,21.73
4,600063,2009/11/2 9:33,10.76020438,10.47,10.47
4,600064,2009/11/2 9:33,21.74812594,21.75,21.75
4,600066,2009/11/2 9:33,18.45351464,18.65,18.65
4,600067,2009/11/2 9:33,14.31337195,14,14
4,600068,2009/11/2 9:33,13.19056921,12.78,12.78
4,600069,2009/11/2 9:33,8.405292874,8.67,8.67
4,600070,2009/11/2 9:33,7.797451186,8.21,8.21
4,600071,2009/11/2 9:33,6.267503702,6.44,6.44
4,600072,2009/11/2 9:33,16.62025654,16.65,16.65
4,600073,2009/11/2 9:33,8.751383391,8.8,8.8
4,600074,2009/11/2 9:33,3.972331026,4.2,4.2
4,600075,2009/11/2 9:33,6.963692311,7.32,7.32
4,600076,2009/11/2 9:33,7.264081047,7.15,7.15
4,600077,2009/11/2 9:33,8.772880537,8.54,8.54
4,600078,2009/11/2 9:33,7.591224438,7.33,7.33
4,600079,2009/11/2 9:33,10.67622843,10.63,10.63
4,600080,2009/11/2 9:33,4.712361918,4.38,4.38
4,600081,2009/11/2 9:33,6.625968028,6.46,6.46
4,600082,2009/11/2 9:33,7.800243179,7.39,7.39
4,600083,2009/11/2 9:33,6.527908043,7.01,7.01
4,600084,2009/11/2 9:33,7.69887779,7.56,7.56
4,600085,2009/11/2 9:33,18.74102457,19.1,19.1
4,600086,2009/11/2 9:33,8.79072162,8.58,8.58
4,600087,2009/11/2 9:33,6.452542396,6.57,6.57
4,600088,2009/11/2 9:33,15.82570727,15.7,15.7
4,600089,2009/11/2 9:33,21.07659912,20.85,20.85
4,600090,2009/11/2 9:33,7.699707729,7.47,7.47
4,600091,2009/11/2 9:33,6.633084135,6.15,6.15
4,600093,2009/11/2 9:33,6.556143093,6.17,6.17
4,600095,2009/11/2 9:33,5.652576777,5.67,5.67
4,600096,2009/11/2 9:33,22.33596946,22.79,22.79
4,600097,2009/11/2 9:33,17.29328965,17.42,17.42
4,600098,2009/11/2 9:33,7.040083659,6.57,6.57
4,600099,2009/11/2 9:33,7.351847196,7.18,7.18
4,600100,2009/11/2 9:33,14.37563042,14.28,14.28
4,600101,2009/11/2 9:33,6.950107258,7.29,7.29
4,600102,2009/11/2 9:33,11.18303195,11.22,11.22
4,600103,2009/11/2 9:33,3.307709833,3.67,3.67
4,600104,2009/11/2 9:33,22.95093442,22.9,22.9
4,600105,2009/11/2 9:33,8.450642189,8.8,8.8
4,600106,2009/11/2 9:33,7.772140035,8.03,8.03
4,600107,2009/11/2 9:33,12.76531393,12.93,12.93
4,600108,2009/11/2 9:33,4.892146581,4.8,4.8
4,600109,2009/11/2 9:33,21.04926536,21.27,21.27
4,600110,2009/11/2 9:33,6.937779179,6.56,6.56
4,600111,2009/11/2 9:33,29.14345413,28.8,28.8
4,600112,2009/11/2 9:33,12.66133422,12.3,12.3
4,600113,2009/11/2 9:33,7.38293481,7.87,7.87
4,600114,2009/11/2 9:33,6.00346981,5.92,5.92
4,600115,2009/11/2 9:33,4.852683359,5.33,5.33
4,600116,2009/11/2 9:33,7.822721915,7.83,7.83
4,600117,2009/11/2 9:33,9.396307367,9.65,9.65
4,600118,2009/11/2 9:33,18.68803745,19.05,19.05
4,600119,2009/11/2 9:33,9.246350333,8.88,8.88
4,600120,2009/11/2 9:33,6.117489573,6.55,6.55
4,600121,2009/11/2 9:33,10.54306278,10.76,10.76
4,600122,2009/11/2 9:33,14.42106103,14.5,14.5
4,600123,2009/11/2 9:33,37.58662154,37.87,37.87
4,600125,2009/11/2 9:33,7.531620124,7.48,7.48
4,600126,2009/11/2 9:33,5.61169563,5.65,5.65
4,600127,2009/11/2 9:33,6.855640088,6.98,6.98
4,600128,2009/11/2 9:33,14.57151536,14.49,14.49
4,600129,2009/11/2 9:33,9.109820512,9.4,9.4
4,600130,2009/11/2 9:33,3.885015577,3.86,3.86
4,600131,2009/11/2 9:33,5.365972031,5.52,5.52
4,600132,2009/11/2 9:33,24.42823458,24.08,24.08
4,600133,2009/11/2 9:33,7.130240256,6.95,6.95
4,600135,2009/11/2 9:33,7.130772735,7.1,7.1
4,600136,2009/11/2 9:33,10.78967973,10.58,10.58
4,600137,2009/11/2 9:33,17.71974625,17.5,17.5
4,600138,2009/11/2 9:33,11.74113869,11.91,11.91
4,600139,2009/11/2 9:33,25.32169386,25.4,25.4
4,600141,2009/11/2 9:33,16.71312167,17,17
4,600143,2009/11/2 9:33,9.691959399,9.45,9.45
4,600145,2009/11/2 9:33,6.062088101,6.11,6.11
4,600146,2009/11/2 9:33,16.23906621,16.4,16.4
4,600148,2009/11/2 9:33,11.23417856,11.33,11.33
4,600149,2009/11/2 9:33,5.658734087,5.69,5.69
4,600150,2009/11/2 9:33,70.26052619,70.01,70.01
4,600151,2009/11/2 9:33,10.22105458,10.55,10.55
4,600152,2009/11/2 9:33,5.78914221,5.38,5.38
4,600153,2009/11/2 9:33,12.60811043,12.16,12.16
4,600155,2009/11/2 9:33,3.782242074,4.2,4.2
4,600156,2009/11/2 9:33,4.910367445,5.41,5.41
4,600157,2009/11/2 9:33,11.3139221,11.47,11.47
4,600159,2009/11/2 9:33,17.94039451,17.84,17.84
4,600160,2009/11/2 9:33,8.061506204,7.85,7.85
4,600161,2009/11/2 9:33,30.77361639,30.65,30.65
4,600162,2009/11/2 9:33,7.881204738,8.2,8.2
4,600163,2009/11/2 9:33,4.516220153,4.91,4.91
4,600165,2009/11/2 9:33,6.265087598,6.36,6.36
4,600166,2009/11/2 9:33,18.36096613,18.2,18.2
4,600167,2009/11/2 9:33,9.816470567,9.75,9.75
4,600168,2009/11/2 9:33,6.407464827,6.3,6.3
4,600169,2009/11/2 9:33,16.18980821,16.1,16.1
4,600170,2009/11/2 9:33,15.0156355,14.65,14.65
4,600171,2009/11/2 9:33,6.061527824,6.51,6.51
4,600172,2009/11/2 9:33,7.345001548,7.36,7.36
4,600173,2009/11/2 9:33,10.03536538,10.43,10.43
4,600175,2009/11/2 9:33,8.059715053,7.84,7.84
4,600176,2009/11/2 9:33,15.38864093,15.44,15.44
4,600177,2009/11/2 9:33,13.16154077,13.27,13.27
4,600178,2009/11/2 9:33,12.71931787,12.93,12.93
4,600179,2009/11/2 9:33,6.355034166,5.9,5.9
4,600180,2009/11/2 9:33,7.217781739,7.21,7.21
4,600182,2009/11/2 9:33,8.219444451,7.78,7.78
4,600183,2009/11/2 9:33,8.857508942,8.83,8.83
4,600184,2009/11/2 9:33,22.23886598,22.62,22.62
4,600185,2009/11/2 9:33,9.69552077,10.14,10.14
4,600186,2009/11/2 9:33,4.144107292,3.8,3.8
4,600187,2009/11/2 9:33,7.407053783,7.45,7.45
4,600188,2009/11/2 9:33,18.6926822,18.89,18.89
4,600189,2009/11/2 9:33,8.0889472,8.12,8.12
4,600190,2009/11/2 9:33,5.574776731,5.32,5.32
4,600191,2009/11/2 9:33,8.05627552,7.64,7.64
4,600192,2009/11/2 9:33,9.469146287,9.43,9.43
4,600193,2009/11/2 9:33,11.02537495,11.31,11.31
4,600195,2009/11/2 9:33,21.26747058,21.4,21.4
4,600196,2009/11/2 9:33,18.0941337,18.38,18.38
4,600197,2009/11/2 9:33,8.864545343,8.9,8.9
4,600198,2009/11/2 9:33,11.25685984,10.84,10.84
4,600199,2009/11/2 9:33,10.01119595,10.39,10.39
4,600200,2009/11/2 9:33,4.2502205,4.32,4.32
4,600201,2009/11/2 9:33,9.507054772,9.36,9.36
4,600202,2009/11/2 9:33,15.37814618,15.85,15.85
4,600203,2009/11/2 9:33,5.637713722,5.83,5.83
4,600206,2009/11/2 9:33,8.89048275,9.3,9.3
4,600207,2009/11/2 9:33,4.774813179,4.47,4.47
4,600208,2009/11/2 9:33,10.66473847,11.1,11.1
4,600209,2009/11/2 9:33,5.158116502,5.02,5.02
4,600210,2009/11/2 9:33,7.51769134,7.68,7.68
4,600211,2009/11/2 9:33,12.01576285,11.57,11.57
4,600212,2009/11/2 9:33,4.395574476,4.73,4.73
4,600213,2009/11/2 9:33,7.066475078,7.15,7.15
4,600215,2009/11/2 9:33,6.665934336,6.87,6.87
4,600216,2009/11/2 9:33,33.18861288,32.8,32.8
4,600218,2009/11/2 9:33,7.860230133,8.02,8.02
4,600219,2009/11/2 9:33,10.06715545,10.13,10.13
4,600220,2009/11/2 9:33,5.490616293,5.05,5.05
4,600221,2009/11/2 9:33,5.529976353,5.37,5.37
4,600222,2009/11/2 9:33,9.42338449,9.37,9.37
4,600223,2009/11/2 9:33,10.91444681,10.99,10.99
4,600225,2009/11/2 9:33,9.101163824,8.74,8.74
4,600226,2009/11/2 9:33,9.917205076,10.02,10.02
4,600227,2009/11/2 9:33,10.46439652,10.51,10.51
4,600228,2009/11/2 9:33,8.354866085,8.18,8.18
4,600229,2009/11/2 9:33,6.004898674,5.96,5.96
4,600230,2009/11/2 9:33,17.89391152,17.97,17.97
4,600231,2009/11/2 9:33,9.713739855,9.68,9.68
4,600232,2009/11/2 9:33,5.346530149,5.04,5.04
4,600233,2009/11/2 9:33,17.7180481,17.89,17.89
4,600234,2009/11/2 9:33,5.278523506,5.18,5.18
4,600235,2009/11/2 9:33,7.330071091,6.89,6.89
4,600236,2009/11/2 9:33,7.690811137,7.57,7.57
4,600237,2009/11/2 9:33,6.094744292,6.52,6.52
4,600238,2009/11/2 9:33,13.97772645,13.71,13.71
4,600239,2009/11/2 9:33,24.26538619,24.56,24.56
4,600241,2009/11/2 9:33,11.60154192,11.62,11.62
4,600242,2009/11/2 9:33,6.728057324,6.78,6.78
4,600243,2009/11/2 9:33,6.685699717,6.9,6.9
4,600246,2009/11/2 9:33,10.41837077,9.95,9.95
4,600247,2009/11/2 9:33,6.366441312,6.46,6.46
4,600248,2009/11/2 9:33,10.85686353,10.48,10.48
4,600249,2009/11/2 9:33,8.958394324,8.51,8.51
4,600250,2009/11/2 9:33,6.443630832,6.34,6.34
4,600251,2009/11/2 9:33,22.27930036,22.58,22.58
4,600252,2009/11/2 9:33,19.01694421,19.47,19.47
4,600253,2009/11/2 9:33,6.300532155,6.05,6.05
4,600255,2009/11/2 9:33,6.489379744,6.52,6.52
4,600256,2009/11/2 9:33,17.61468072,17.85,17.85
4,600257,2009/11/2 9:33,4.671615372,4.89,4.89
4,600258,2009/11/2 9:33,16.37872026,16.02,16.02
4,600259,2009/11/2 9:33,15.44344476,15.1,15.1
4,600260,2009/11/2 9:33,6.724644693,6.79,6.79
4,600261,2009/11/2 9:33,13.49364896,13.1,13.1
4,600262,2009/11/2 9:33,11.66187581,11.8,11.8
4,600265,2009/11/2 9:33,8.454722623,8.59,8.59
4,600266,2009/11/2 9:33,17.29413852,17.14,17.14
4,600268,2009/11/2 9:33,15.54234475,15.49,15.49
4,600269,2009/11/2 9:33,6.974708896,6.86,6.86
4,600270,2009/11/2 9:33,8.171606763,8.6,8.6
4,600271,2009/11/2 9:33,16.53141901,16.9,16.9
4,600272,2009/11/2 9:33,8.491896345,8.06,8.06
4,600273,2009/11/2 9:33,7.0704863,7.11,7.11
4,600275,2009/11/2 9:33,6.558595025,6.12,6.12
4,600276,2009/11/2 9:33,43.0296386,42.85,42.85
4,600277,2009/11/2 9:33,13.91201847,13.8,13.8
4,600278,2009/11/2 9:33,11.76927766,11.5,11.5
4,600279,2009/11/2 9:33,8.413304773,8.66,8.66
4,600280,2009/11/2 9:33,20.1772969,19.9,19.9
4,600281,2009/11/2 9:33,7.185329303,7.2,7.2
4,600282,2009/11/2 9:33,4.984502994,4.93,4.93
4,600283,2009/11/2 9:33,11.06869539,10.6,10.6
4,600284,2009/11/2 9:33,13.13989951,12.92,12.92
4,600285,2009/11/2 9:33,10.16467099,9.88,9.88
4,600287,2009/11/2 9:33,7.152477824,7.4,7.4
4,600288,2009/11/2 9:33,6.051287401,5.81,5.81
4,600289,2009/11/2 9:33,12.89744131,12.5,12.5
4,600290,2009/11/2 9:33,13.60525593,13.88,13.88
4,600291,2009/11/2 9:33,12.19269681,12.5,12.5
4,600292,2009/11/2 9:33,8.154252699,8.03,8.03
4,600293,2009/11/2 9:33,7.975974647,8.45,8.45
4,600295,2009/11/2 9:33,12.24245245,12.19,12.19
4,600297,2009/11/2 9:33,7.456596308,7.79,7.79
4,600298,2009/11/2 9:33,25.00246152,24.85,24.85
4,600299,2009/11/2 9:33,12.52396882,12.22,12.22
4,600300,2009/11/2 9:33,6.911883526,7.24,7.24
4,600301,2009/11/2 9:33,8.270664444,8.07,8.07
4,600302,2009/11/2 9:33,6.027610404,6.44,6.44
4,600303,2009/11/2 9:33,10.38839113,10.69,10.69
4,600305,2009/11/2 9:33,10.40455778,10.51,10.51
4,600306,2009/11/2 9:33,9.91310399,9.49,9.49
4,600307,2009/11/2 9:33,13.53540969,13.05,13.05
4,600308,2009/11/2 9:33,12.45798943,12.25,12.25
4,600309,2009/11/2 9:33,19.2672964,19.25,19.25
4,600310,2009/11/2 9:33,20.08858748,20.2,20.2
4,600311,2009/11/2 9:33,11.96953948,11.74,11.74
4,600312,2009/11/2 9:33,16.81681316,16.62,16.62
4,600315,2009/11/2 9:33,26.92686231,26.61,26.61
4,600316,2009/11/2 9:33,26.52880977,26.69,26.69
4,600317,2009/11/2 9:33,7.504857997,7.16,7.16
4,600318,2009/11/2 9:33,8.521673862,8.27,8.27
4,600319,2009/11/2 9:33,5.610375425,5.7,5.7
4,600320,2009/11/2 9:33,9.354507509,9.82,9.82
4,600321,2009/11/2 9:33,8.364796281,8.17,8.17
4,600322,2009/11/2 9:33,5.937540274,6.26,6.26
4,600323,2009/11/2 9:33,9.83306869,9.76,9.76
4,600325,2009/11/2 9:33,18.44150401,18,18
4,600326,2009/11/2 9:33,10.31621352,10.61,10.61
4,600327,2009/11/2 9:33,12.30847046,11.94,11.94
4,600328,2009/11/2 9:33,8.768283625,8.29,8.29
4,600329,2009/11/2 9:33,23.1879668,23.19,23.19
4,600330,2009/11/2 9:33,5.438868083,5.44,5.44
4,600331,2009/11/2 9:33,17.32594708,17.55,17.55
4,600332,2009/11/2 9:33,7.884512003,8.26,8.26
4,600333,2009/11/2 9:33,6.58253475,6.98,6.98
4,600335,2009/11/2 9:33,6.080658529,6.09,6.09
4,600336,2009/11/2 9:33,6.436583338,6.21,6.21
4,600337,2009/11/2 9:33,6.254698468,6.64,6.64
4,600338,2009/11/2 9:33,11.68727606,11.46,11.46
4,600339,2009/11/2 9:33,8.100947905,8.35,8.35
4,600340,2009/11/2 9:33,11.13860279,11.31,11.31
4,600343,2009/11/2 9:33,13.26266555,13.39,13.39
4,600345,2009/11/2 9:33,9.395768802,9.8,9.8
4,600346,2009/11/2 9:33,6.652341335,6.83,6.83
4,600348,2009/11/2 9:33,39.88300755,39.99,39.99
4,600350,2009/11/2 9:33,4.571044582,4.79,4.79
4,600351,2009/11/2 9:33,13.7452375,13.8,13.8
4,600352,2009/11/2 9:33,9.723043694,9.64,9.64
4,600353,2009/11/2 9:33,9.70671565,9.85,9.85
4,600354,2009/11/2 9:33,14.81477785,15.2,15.2
4,600355,2009/11/2 9:33,7.036966599,6.93,6.93
4,600356,2009/11/2 9:33,9.730577714,10.12,10.12
4,600358,2009/11/2 9:33,5.359098097,4.96,4.96
4,600359,2009/11/2 9:33,15.02534801,15.3,15.3
4,600360,2009/11/2 9:33,5.452164646,5.69,5.69
4,600361,2009/11/2 9:33,8.336578617,7.98,7.98
4,600362,2009/11/2 9:33,37.09813628,36.8,36.8
4,600363,2009/11/2 9:33,8.617806821,8.43,8.43
4,600365,2009/11/2 9:33,9.002424145,8.88,8.88
4,600366,2009/11/2 9:33,11.19526403,11.06,11.06
4,600367,2009/11/2 9:33,8.099437824,8.3,8.3
4,600368,2009/11/2 9:33,6.347275692,6.19,6.19
4,600369,2009/11/2 9:33,15.36667502,15.11,15.11
4,600370,2009/11/2 9:33,5.234697912,5.65,5.65
4,600371,2009/11/2 9:33,10.19521877,10.64,10.64
4,600373,2009/11/2 9:33,9.394773167,9.56,9.56
4,600376,2009/11/2 9:33,20.31950229,20.8,20.8
4,600377,2009/11/2 9:33,6.480138506,6.1,6.1
4,600378,2009/11/2 9:33,10.29546954,10.5,10.5
4,600379,2009/11/2 9:33,11.43161382,11.4,11.4
4,600380,2009/11/2 9:33,9.022105709,9.25,9.25
4,600381,2009/11/2 9:33,7.889785981,7.67,7.67
4,600382,2009/11/2 9:33,7.587834993,7.8,7.8
4,600383,2009/11/2 9:33,14.19708707,14.67,14.67
4,600385,2009/11/2 9:33,4.346194749,4.55,4.55
4,600386,2009/11/2 9:33,12.43184166,12.85,12.85
4,600387,2009/11/2 9:33,13.05610378,12.91,12.91
4,600388,2009/11/2 9:33,25.41578559,25.78,25.78
4,600389,2009/11/2 9:33,13.7593955,13.55,13.55
4,600390,2009/11/2 9:33,13.86035669,13.61,13.61
4,600391,2009/11/2 9:33,21.10081796,20.7,20.7
4,600392,2009/11/2 9:33,21.11994032,21.13,21.13
4,600393,2009/11/2 9:33,7.728954694,7.68,7.68
4,600395,2009/11/2 9:33,27.44848627,27.1,27.1
4,600396,2009/11/2 9:33,8.059911192,7.73,7.73
4,600397,2009/11/2 9:33,11.43138951,10.95,10.95
4,600398,2009/11/2 9:33,4.807617512,4.83,4.83
4,600399,2009/11/2 9:33,7.103692433,7.2,7.2
4,600400,2009/11/2 9:33,5.778850907,5.5,5.5
4,600403,2009/11/2 9:33,9.106639175,9.35,9.35
4,600405,2009/11/2 9:33,7.001434513,7.22,7.22
4,600406,2009/11/2 9:33,37.75492795,37.8,37.8
4,600408,2009/11/2 9:33,8.230497643,8.02,8.02
4,600409,2009/11/2 9:33,5.760309706,6.24,6.24
4,600410,2009/11/2 9:33,10.87909067,11.2,11.2
4,600415,2009/11/2 9:33,38.80928543,38.56,38.56
4,600416,2009/11/2 9:33,20.0864262,19.61,19.61
4,600418,2009/11/2 9:33,10.08861444,10.46,10.46
4,600419,2009/11/2 9:33,9.507704153,9.15,9.15
4,600420,2009/11/2 9:33,12.89406646,12.73,12.73
4,600421,2009/11/2 9:33,8.034386793,8.3,8.3
4,600423,2009/11/2 9:33,9.081225248,9.47,9.47
4,600425,2009/11/2 9:33,11.34150673,10.88,10.88
4,600426,2009/11/2 9:33,18.80541257,18.7,18.7
4,600428,2009/11/2 9:33,10.41927859,10.23,10.23
4,600429,2009/11/2 9:33,6.793465566,6.84,6.84
4,600432,2009/11/2 9:33,29.68431044,29.68,29.68
4,600433,2009/11/2 9:33,7.431763596,7.08,7.08
4,600435,2009/11/2 9:33,20.18239237,19.75,19.75
4,600436,2009/11/2 9:33,38.15995228,37.94,37.94
4,600438,2009/11/2 9:33,8.216546271,8.24,8.24
4,600439,2009/11/2 9:33,10.33582629,10.63,10.63
4,600444,2009/11/2 9:33,13.91564953,13.61,13.61
4,600446,2009/11/2 9:33,9.363925266,9.86,9.86
4,600448,2009/11/2 9:33,4.568408813,4.62,4.62
4,600449,2009/11/2 9:33,27.89633953,27.4,27.4
4,600452,2009/11/2 9:33,7.668146202,8.01,8.01
4,600455,2009/11/2 9:33,12.35593066,12.45,12.45
4,600456,2009/11/2 9:33,20.40976912,20.41,20.41
4,600458,2009/11/2 9:33,15.52288947,15.1,15.1
4,600459,2009/11/2 9:33,25.02637162,25.34,25.34
4,600460,2009/11/2 9:33,8.053875215,7.7,7.7
4,600461,2009/11/2 9:33,9.810431572,9.99,9.99
4,600462,2009/11/2 9:33,5.319252419,5.63,5.63
4,600463,2009/11/2 9:33,7.7683798,7.5,7.5
4,600466,2009/11/2 9:33,10.71937038,10.9,10.9
4,600467,2009/11/2 9:33,7.932260357,7.84,7.84
4,600469,2009/11/2 9:33,15.87967228,15.7,15.7
4,600470,2009/11/2 9:33,11.09605909,10.68,10.68
4,600475,2009/11/2 9:33,17.27867196,17.59,17.59
4,600476,2009/11/2 9:33,9.935307696,10.18,10.18
4,600477,2009/11/2 9:33,6.300620719,6.72,6.72
4,600478,2009/11/2 9:33,16.27609998,16.57,16.57
4,600479,2009/11/2 9:33,24.43100399,24.7,24.7
4,600480,2009/11/2 9:33,10.55366855,10.7,10.7
4,600481,2009/11/2 9:33,18.88540987,19.29,19.29
4,600482,2009/11/2 9:33,11.68788497,11.82,11.82
4,600483,2009/11/2 9:33,5.911375453,5.62,5.62
4,600485,2009/11/2 9:33,15.29708904,14.8,14.8
4,600486,2009/11/2 9:33,32.98356503,32.7,32.7
4,600487,2009/11/2 9:33,24.84658419,24.65,24.65
4,600488,2009/11/2 9:33,8.088284253,7.61,7.61
4,600489,2009/11/2 9:33,55.00434644,54.61,54.61
4,600490,2009/11/2 9:33,9.416569425,9.7,9.7
4,600491,2009/11/2 9:33,16.71518466,16.5,16.5
4,600493,2009/11/2 9:33,7.037983977,6.7,6.7
4,600495,2009/11/2 9:33,16.87325929,16.73,16.73
4,600496,2009/11/2 9:33,9.503285423,9.53,9.53
4,600497,2009/11/2 9:33,27.2688494,26.96,26.96
4,600498,2009/11/2 9:33,21.52917072,21.2,21.2
4,600499,2009/11/2 9:33,15.27845189,15.38,15.38
4,600500,2009/11/2 9:33,10.79368684,10.59,10.59
4,600501,2009/11/2 9:33,9.208120962,9.28,9.28
4,600502,2009/11/2 9:33,11.73880433,11.86,11.86
4,600503,2009/11/2 9:33,13.68108375,13.43,13.43
4,600505,2009/11/2 9:33,8.986378862,8.65,8.65
4,600506,2009/11/2 9:33,8.970811402,8.67,8.67
4,600507,2009/11/2 9:33,8.819520233,9.18,9.18
4,600508,2009/11/2 9:33,20.77110684,21.25,21.25
4,600509,2009/11/2 9:33,7.972346945,7.5,7.5
4,600510,2009/11/2 9:33,10.13092798,9.75,9.75
4,600511,2009/11/2 9:33,18.50273378,18.75,18.75
4,600512,2009/11/2 9:33,5.478405773,5.59,5.59
4,600513,2009/11/2 9:33,12.61086556,12.65,12.65
4,600515,2009/11/2 9:33,6.564515639,6.25,6.25
4,600516,2009/11/2 9:33,8.297690425,8.43,8.43
4,600517,2009/11/2 9:33,17.9607391,18.15,18.15
4,600518,2009/11/2 9:33,9.11299199,9.6,9.6
4,600519,2009/11/2 9:33,156.2643673,156.57,156.57
4,600520,2009/11/2 9:33,14.8188047,15.03,15.03
4,600521,2009/11/2 9:33,14.85193734,15.05,15.05
4,600522,2009/11/2 9:33,22.57394683,22.8,22.8
4,600523,2009/11/2 9:33,14.30778517,14.64,14.64
4,600525,2009/11/2 9:33,20.69990057,20.27,20.27
4,600526,2009/11/2 9:33,11.01214031,11.5,11.5
4,600527,2009/11/2 9:33,7.365720746,7.51,7.51
4,600528,2009/11/2 9:33,12.53825549,12.26,12.26
4,600529,2009/11/2 9:33,13.21194794,12.75,12.75
4,600530,2009/11/2 9:33,9.638383855,9.38,9.38
4,600531,2009/11/2 9:33,21.14310272,20.9,20.9
4,600532,2009/11/2 9:33,7.91691501,7.84,7.84
4,600533,2009/11/2 9:33,6.149700898,6.53,6.53
4,600535,2009/11/2 9:33,20.45413473,20.4,20.4
4,600536,2009/11/2 9:33,23.72781261,23.28,23.28
4,600537,2009/11/2 9:33,16.92319956,16.92,16.92
4,600538,2009/11/2 9:33,8.021648473,8.26,8.26
4,600539,2009/11/2 9:33,6.463995786,6.86,6.86
4,600540,2009/11/2 9:33,10.01409918,10.5,10.5
4,600543,2009/11/2 9:33,10.23928942,10.57,10.57
4,600545,2009/11/2 9:33,5.704096872,5.62,5.62
4,600546,2009/11/2 9:33,28.86782056,28.5,28.5
4,600547,2009/11/2 9:33,63.48392722,63.92,63.92
4,600548,2009/11/2 9:33,5.39505995,5.43,5.43
4,600549,2009/11/2 9:33,18.97012813,18.68,18.68
4,600550,2009/11/2 9:33,30.6260236,30.45,30.45
4,600551,2009/11/2 9:33,14.61627764,15.05,15.05
4,600552,2009/11/2 9:33,11.35692639,11.7,11.7
4,600553,2009/11/2 9:33,9.316006944,9.26,9.26
4,600555,2009/11/2 9:33,8.341814713,7.92,7.92
4,600557,2009/11/2 9:33,18.10469988,18.24,18.24
4,600558,2009/11/2 9:33,16.45121386,16.74,16.74
4,600559,2009/11/2 9:33,20.46313115,20.45,20.45
4,600560,2009/11/2 9:33,12.66752072,12.23,12.23
4,600561,2009/11/2 9:33,9.969009857,10.02,10.02
4,600562,2009/11/2 9:33,24.92566513,24.83,24.83
4,600563,2009/11/2 9:33,14.64901442,14.87,14.87
4,600565,2009/11/2 9:33,5.345672412,5.14,5.14
4,600566,2009/11/2 9:33,8.83180742,8.54,8.54
4,600567,2009/11/2 9:33,4.15698403,4.46,4.46
4,600568,2009/11/2 9:33,15.64316811,15.73,15.73
4,600569,2009/11/2 9:33,4.149147751,4.62,4.62
4,600570,2009/11/2 9:33,13.83247252,14.1,14.1
4,600571,2009/11/2 9:33,7.496196972,7.45,7.45
4,600572,2009/11/2 9:33,12.62080192,13.1,13.1
4,600573,2009/11/2 9:33,7.795320777,8.07,8.07
4,600575,2009/11/2 9:33,14.22522108,13.75,13.75
4,600576,2009/11/2 9:33,13.21164773,12.8,12.8
4,600577,2009/11/2 9:33,5.862126753,6.24,6.24
4,600578,2009/11/2 9:33,9.641417038,9.9,9.9
4,600579,2009/11/2 9:33,5.11732917,5.59,5.59
4,600581,2009/11/2 9:33,9.027530827,9.41,9.41
4,600582,2009/11/2 9:33,29.13709564,29.14,29.14
4,600583,2009/11/2 9:33,11.35701797,11.09,11.09
4,600584,2009/11/2 9:33,5.785088528,5.43,5.43
4,600585,2009/11/2 9:33,42.35301404,42.02,42.02
4,600586,2009/11/2 9:33,14.31785735,14,14
4,600587,2009/11/2 9:33,15.84692409,15.9,15.9
4,600588,2009/11/2 9:33,20.25373162,20.02,20.02
4,600589,2009/11/2 9:33,6.591966241,6.5,6.5
4,600590,2009/11/2 9:33,12.06082909,12.07,12.07
4,600592,2009/11/2 9:33,8.512837129,8.65,8.65
4,600593,2009/11/2 9:33,9.725096849,9.67,9.67
4,600594,2009/11/2 9:33,15.92683805,15.75,15.75
4,600595,2009/11/2 9:33,20.71439898,20.65,20.65
4,600596,2009/11/2 9:33,42.21837733,42.4,42.4
4,600597,2009/11/2 9:33,7.622885365,7.28,7.28
4,600598,2009/11/2 9:33,13.16264667,12.75,12.75
4,600599,2009/11/2 9:33,19.846788,19.45,19.45
4,600601,2009/11/2 9:33,4.384742308,4.23,4.23
4,600602,2009/11/2 9:33,5.554673485,5.64,5.64
4,600604,2009/11/2 9:33,6.123317013,6.05,6.05
4,600605,2009/11/2 9:33,8.923377077,9.39,9.39
4,600606,2009/11/2 9:33,10.52791027,10.15,10.15
4,600608,2009/11/2 9:33,6.269601674,6.38,6.38
4,600609,2009/11/2 9:33,4.560810616,4.17,4.17
4,600610,2009/11/2 9:33,13.51214769,13.11,13.11
4,600611,2009/11/2 9:33,11.25778424,10.86,10.86
4,600612,2009/11/2 9:33,23.34601157,23.25,23.25
4,600613,2009/11/2 9:33,12.3473471,12.35,12.35
4,600614,2009/11/2 9:33,7.572649071,7.1,7.1
4,600615,2009/11/2 9:33,9.967855323,9.61,9.61
4,600616,2009/11/2 9:33,16.40571279,16.38,16.38
4,600617,2009/11/2 9:33,6.972391298,6.86,6.86
4,600618,2009/11/2 9:33,8.324472391,8.32,8.32
4,600619,2009/11/2 9:33,7.105394541,6.9,6.9
4,600620,2009/11/2 9:33,8.313493536,8.01,8.01
